Player,Pos,Age,Tm,G,MP,PER,TS%,3PAr,FTr,ORB%,DRB%,TRB%,AST%,STL%,BLK%,TOV%,USG%, ,OWS,DWS,WS,WS/48, ,OBPM,DBPM,BPM,VORP
Steven Adams,C,26,OKC,56,1514,20.8,.604,.007,.400,14.4,23.8,19.3,13.8,1.5,3.5,14.3,17.3,,3.6,2.3,5.9,.188,,2.0,1.1,3.1,1.9
Bam Adebayo,PF,22,MIA,62,2131,20.5,.604,.019,.479,8.6,25.0,17.1,23.1,1.7,3.7,17.3,20.6,,4.4,3.4,7.7,.174,,1.6,1.9,3.6,3.0
LaMarcus Aldridge,C,34,SAS,52,1717,19.9,.573,.199,.243,6.5,18.0,12.2,11.5,0.9,4.3,7.9,23.4,,3.2,1.4,4.5,.126,,1.9,-0.6,1.4,1.5
Nickeil Alexander-Walker,SG,21,NOP,41,501,7.6,.441,.515,.123,1.7,15.3,8.4,20.3,1.0,1.2,14.3,22.8,,-0.7,0.3,-0.4,-0.037,,-3.4,-1.5,-4.9,-0.4
Grayson Allen,SG,24,MEM,30,498,11.4,.577,.517,.199,1.1,12.7,7.0,11.8,0.6,0.2,10.7,17.9,,0.5,0.3,0.7,.070,,-1.0,-1.7,-2.6,-0.1
Jarrett Allen,C,21,BRK,61,1587,20.4,.656,.013,.569,12.6,24.9,18.9,7.9,1.0,4.3,12.2,15.0,,4.2,2.7,6.8,.207,,1.1,1.0,2.1,1.6
Kadeem Allen,SG,27,NYK,10,117,14.0,.512,.364,.250,1.8,6.6,4.1,27.1,2.1,1.6,14.1,20.6,,0.1,0.1,0.1,.054,,-0.1,-0.6,-0.7,0.0
Al-Farouq Aminu,PF,29,ORL,18,380,7.7,.395,.419,.337,6.5,18.4,12.2,7.4,2.3,1.9,14.7,13.2,,-0.4,0.5,0.1,.015,,-4.6,1.4,-3.2,-0.1
Justin Anderson,SF,26,BRK,3,17,-3.8,.218,.500,.333,0.0,11.8,6.0,0.0,0.0,4.9,0.0,16.9,,-0.1,0.0,-0.1,-0.168,,-12.7,-2.3,-15.0,-0.1
Kyle Anderson,PF,26,MEM,56,1060,13.0,.535,.210,.225,5.2,18.6,12.0,15.0,2.0,2.2,14.8,13.5,,0.7,1.3,2.1,.093,,-1.4,1.7,0.3,0.6
Ryan Anderson,PF,31,HOU,2,14,9.5,.357,.714,.000,0.0,52.3,26.1,20.0,3.3,0.0,12.5,23.6,,0.0,0.0,0.0,-0.029,,-4.0,0.7,-3.3,0.0
Giannis Antetokounmpo,PF,25,MIL,56,1727,31.8,.608,.237,.497,7.9,34.4,22.0,33.9,1.5,2.9,13.2,37.5,,5.5,4.8,10.3,.287,,7.5,3.9,11.4,5.9
Kostas Antetokounmpo,PF,22,LAL,3,5,8.6,,,,0.0,21.4,10.9,22.3,0.0,0.0,,0.0,,0.0,0.0,0.0,.135,,1.3,3.0,4.3,0.0
Thanasis Antetokounmpo,SF,27,MIL,17,73,13.0,.530,.167,.300,11.6,6.3,8.8,12.0,2.5,1.2,19.1,23.7,,0.0,0.1,0.1,.072,,-4.6,0.6,-4.0,0.0
Carmelo Anthony,PF,35,POR,47,1534,12.2,.518,.288,.198,4.1,16.1,10.2,6.5,1.2,1.2,10.7,21.7,,0.1,0.9,1.0,.030,,-2.0,-1.8,-3.8,-0.7
OG Anunoby,SF,22,TOR,60,1787,13.3,.592,.404,.158,4.2,15.0,9.7,7.8,2.2,2.2,11.7,14.7,,1.7,3.1,4.8,.130,,-0.8,1.9,1.1,1.4
Ryan Arcidiacono,PG,25,CHI,58,930,9.0,.551,.627,.173,2.3,11.2,6.5,14.3,1.4,0.3,13.5,12.6,,0.7,0.7,1.3,.069,,-2.7,-0.1,-2.8,-0.2
Trevor Ariza,SF,34,TOT,50,1391,10.8,.584,.636,.212,2.4,15.7,9.0,8.2,2.3,0.9,13.3,11.6,,1.1,1.3,2.4,.084,,-1.7,1.2,-0.5,0.5
D.J. Augustin,PG,32,ORL,46,1138,13.5,.529,.438,.370,1.4,8.4,4.8,27.0,1.2,0.1,12.7,18.7,,1.3,0.8,2.1,.088,,-0.8,-0.9,-1.8,0.1
Deandre Ayton,C,21,PHO,30,996,20.4,.571,.006,.168,13.5,27.0,20.1,9.7,1.0,4.5,12.4,24.3,,1.1,1.3,2.5,.119,,0.9,-0.5,0.4,0.6
Dwayne Bacon,SG,24,CHO,39,687,6.1,.419,.275,.217,2.3,13.9,7.9,11.7,1.7,0.3,12.2,19.4,,-1.2,0.5,-0.7,-0.051,,-5.9,-1.0,-6.9,-0.8
Marvin Bagley,PF,20,SAC,13,334,15.8,.512,.132,.186,9.5,23.7,16.4,5.0,0.9,3.4,9.1,25.9,,0.0,0.4,0.4,.057,,-2.1,-1.3,-3.4,-0.1
Lonzo Ball,PG,22,NOP,54,1746,13.7,.524,.577,.106,3.6,16.7,10.1,29.1,2.0,1.4,20.3,18.6,,0.7,1.7,2.4,.065,,0.4,0.5,0.9,1.3
Mo Bamba,C,21,ORL,57,834,17.7,.554,.364,.160,11.4,25.8,18.3,7.1,1.2,9.1,12.7,17.1,,0.8,1.6,2.4,.137,,-1.3,1.8,0.5,0.5
J.J. Barea,PG,35,DAL,23,355,16.3,.534,.408,.107,3.0,10.1,6.6,39.0,0.5,0.5,16.1,25.4,,0.5,0.2,0.7,.096,,3.2,-2.9,0.3,0.2
Harrison Barnes,PF,27,SAC,61,2124,13.2,.574,.339,.348,2.8,12.9,7.7,9.8,0.9,0.4,9.2,17.7,,2.9,1.1,4.0,.090,,-0.1,-1.2,-1.3,0.4
RJ Barrett,SG,19,NYK,52,1581,10.4,.474,.269,.345,3.1,14.8,8.8,12.9,1.4,1.0,12.8,23.7,,-1.5,1.0,-0.6,-0.018,,-3.0,-1.5,-4.4,-1.0
Will Barton,SF,29,DEN,54,1775,15.4,.542,.374,.188,4.6,16.5,10.6,16.4,1.6,1.3,10.1,20.1,,2.1,1.9,4.0,.109,,1.1,0.0,1.1,1.4
Keita Bates-Diop,SF,24,TOT,39,665,12.6,.541,.452,.332,3.2,14.9,8.9,6.5,1.2,2.6,5.5,15.6,,0.6,0.5,1.1,.081,,-0.7,-0.1,-0.8,0.2
Nicolas Batum,SF,31,CHO,22,505,9.1,.463,.605,.123,5.2,16.7,10.7,18.3,1.7,1.4,20.5,9.3,,0.2,0.4,0.6,.055,,-2.8,0.8,-1.9,0.0
Aron Baynes,C,33,PHO,39,831,14.7,.578,.415,.201,8.1,20.5,14.2,11.8,0.5,2.1,11.0,20.5,,1.1,0.7,1.8,.103,,-0.4,-0.6,-1.0,0.2
Kent Bazemore,SF-SG,30,TOT,61,1521,8.9,.492,.467,.290,1.6,16.2,8.9,7.0,2.1,2.2,13.0,17.1,,-0.9,1.4,0.5,.017,,-3.6,0.4,-3.2,-0.5
Darius Bazley,PF,19,OKC,53,909,8.2,.475,.435,.204,2.7,20.6,12.0,4.3,1.1,3.3,13.8,14.1,,-0.8,1.2,0.3,.018,,-3.1,0.7,-2.4,-0.1
Bradley Beal,SG,26,WAS,54,1940,23.1,.577,.363,.355,2.8,10.5,6.5,28.9,1.6,0.8,11.3,34.4,,4.4,0.3,4.8,.118,,5.3,-2.6,2.8,2.3
Malik Beasley,SG,23,TOT,52,1116,12.7,.549,.537,.131,1.5,11.5,6.4,9.8,1.7,0.6,9.4,21.4,,0.5,0.9,1.4,.060,,-0.7,-1.1,-1.8,0.0
Marco Belinelli,SG,33,SAS,51,757,9.7,.507,.567,.156,0.6,11.7,6.1,11.4,0.6,0.1,5.4,17.0,,0.3,0.1,0.4,.028,,-1.4,-1.9,-3.4,-0.3
Jordan Bell,C-PF,25,TOT,29,256,14.0,.577,.179,.463,12.0,21.7,16.6,8.9,0.5,3.2,20.7,16.4,,0.2,0.2,0.4,.070,,-1.3,-1.1,-2.5,0.0
DeAndre' Bembry,SG,25,ATL,43,915,9.6,.500,.285,.211,3.9,14.0,8.9,12.3,2.8,1.7,19.4,14.0,,-0.5,0.8,0.2,.012,,-3.4,1.0,-2.4,-0.1
Dragan Bender,SF,22,TOT,13,231,8.3,.486,.471,.100,5.9,20.1,13.2,12.0,0.8,3.4,18.9,16.5,,-0.2,0.3,0.1,.020,,-4.7,0.5,-4.3,-0.1
Dāvis Bertāns,PF,27,WAS,51,1500,15.6,.628,.765,.188,2.4,15.4,8.6,8.3,1.1,1.9,8.1,18.7,,2.9,0.4,3.3,.105,,2.7,-1.7,1.0,1.1
Patrick Beverley,PG,31,LAC,45,1229,12.5,.548,.616,.123,4.7,15.9,10.4,18.7,1.9,1.8,15.1,13.0,,1.4,1.9,3.3,.128,,-0.4,2.6,2.1,1.3
Khem Birch,C,27,ORL,39,776,10.2,.533,.009,.588,9.3,15.8,12.4,6.1,1.0,2.4,13.8,9.3,,0.7,0.8,1.5,.093,,-3.4,0.4,-3.0,-0.2
Goga Bitadze,C,20,IND,47,401,12.2,.530,.278,.246,6.1,19.8,13.0,7.3,0.6,6.8,14.7,17.9,,-0.1,0.6,0.6,.069,,-3.8,1.3,-2.5,0.0
Bismack Biyombo,C,27,CHO,51,983,16.2,.567,.000,.546,12.6,20.7,16.5,7.9,0.5,4.4,12.5,17.1,,1.4,0.9,2.3,.112,,-1.8,-0.8,-2.6,-0.1
Nemanja Bjelica,PF,31,SAC,61,1740,15.8,.600,.490,.118,6.5,19.4,12.8,14.7,1.5,1.8,12.7,17.4,,3.0,1.8,4.7,.130,,1.4,0.4,1.8,1.6
Eric Bledsoe,PG,30,MIL,54,1460,18.3,.580,.308,.297,2.9,13.4,8.5,28.6,1.5,1.5,15.6,23.9,,2.5,2.9,5.3,.175,,1.3,1.0,2.4,1.6
Bogdan Bogdanović,SG,27,SAC,50,1416,13.9,.552,.592,.168,1.3,11.4,6.2,16.8,1.8,0.8,11.4,22.6,,0.9,1.1,2.0,.069,,0.5,-0.4,0.1,0.8
Bojan Bogdanović,SF,30,UTA,60,1999,16.0,.604,.491,.299,2.2,11.0,6.8,9.9,0.8,0.3,12.8,25.5,,2.8,1.6,4.3,.104,,1.8,-1.4,0.4,1.2
Jonah Bolden,PF,24,TOT,7,47,4.9,.392,.364,.364,7.0,14.4,10.6,0.0,3.0,3.7,13.6,13.4,,-0.1,0.1,0.0,-0.007,,-8.7,-0.1,-8.9,-0.1
Marques Bolden,C,21,CLE,1,3,19.9,,,,0.0,74.7,36.9,0.0,16.2,0.0,,0.0,,0.0,0.0,0.0,.280,,-5.9,11.2,5.3,0.0
Jordan Bone,PG,22,DET,10,53,0.8,.300,.500,.000,0.0,8.7,4.3,20.9,0.9,0.0,9.1,18.1,,-0.1,0.0,-0.1,-0.115,,-9.0,-2.9,-11.9,-0.1
Isaac Bonga,SF,20,WAS,56,998,10.6,.619,.294,.339,6.4,13.8,10.0,7.8,1.7,1.7,16.2,10.3,,1.2,0.4,1.6,.077,,-2.3,-0.1,-2.5,-0.1
Devin Booker,SG,23,PHO,59,2127,19.7,.617,.311,.399,1.3,11.5,6.3,29.6,1.0,0.6,15.7,29.4,,4.5,1.2,5.7,.129,,3.1,-1.4,1.7,2.0
Chris Boucher,PF,27,TOR,53,711,20.2,.574,.375,.402,14.2,21.4,17.9,4.8,1.3,6.9,7.1,19.5,,1.8,1.5,3.3,.220,,0.7,1.0,1.7,0.7
Brian Bowen,SG,21,IND,4,14,8.0,.400,.200,.000,0.0,23.6,11.8,0.0,0.0,6.3,0.0,15.7,,0.0,0.0,0.0,-0.010,,-4.7,1.4,-3.3,0.0
Ky Bowman,PG,22,GSW,44,991,9.1,.486,.333,.130,2.5,10.5,6.4,19.7,2.1,0.9,17.2,17.3,,-0.7,0.6,-0.1,-0.005,,-4.1,-0.3,-4.5,-0.6
Avery Bradley,SG,29,LAL,46,1092,9.1,.538,.429,.063,1.8,8.7,5.4,7.1,1.7,0.4,10.2,15.5,,0.3,1.3,1.6,.068,,-2.8,0.4,-2.4,-0.1
Tony Bradley,C,22,UTA,47,491,21.2,.674,.007,.268,19.4,24.9,22.3,4.7,1.0,3.4,12.2,16.1,,1.7,0.8,2.4,.236,,0.6,0.3,0.9,0.4
Jarrell Brantley,PF,23,UTA,5,13,2.7,,,,0.0,40.2,21.0,9.2,0.0,12.8,100.0,6.7,,0.0,0.0,0.0,-0.054,,-8.7,5.9,-2.8,0.0
Ignas Brazdeikis,SF,21,NYK,9,53,3.3,.351,.409,.227,3.9,6.2,5.0,10.6,0.0,1.8,7.6,20.9,,-0.1,0.0,-0.1,-0.108,,-5.1,-3.9,-9.0,-0.1
Mikal Bridges,SF,23,PHO,62,1648,12.7,.615,.392,.259,3.5,12.8,8.1,8.9,2.6,1.9,12.5,12.4,,1.9,1.9,3.8,.110,,-0.8,1.8,1.0,1.2
Miles Bridges,SF,21,CHO,61,1879,12.5,.529,.401,.168,4.7,15.2,9.7,9.2,1.0,2.1,10.7,19.9,,0.5,1.3,1.8,.045,,-1.2,-1.0,-2.2,-0.1
Oshae Brissett,SF,21,TOR,19,135,6.7,.458,.417,.278,7.2,13.0,10.2,7.0,1.4,0.7,14.8,15.0,,-0.1,0.2,0.1,.043,,-5.6,0.3,-5.3,-0.1
Ryan Broekhoff,SG,29,DAL,17,180,13.1,.568,.864,.136,3.0,21.5,12.5,8.3,1.3,1.9,8.8,16.3,,0.2,0.2,0.4,.115,,0.5,0.3,0.8,0.1
Malcolm Brogdon,PG,27,IND,48,1472,17.8,.537,.296,.246,3.0,13.9,8.5,34.5,1.1,0.5,13.6,25.2,,2.0,1.4,3.5,.113,,2.3,-0.6,1.6,1.3
Dillon Brooks,SG,24,MEM,62,1760,11.3,.509,.384,.190,3.6,8.5,6.1,10.1,1.4,1.2,9.7,24.9,,-0.3,1.3,1.0,.027,,-2.7,-1.6,-4.3,-1.0
Bruce Brown,SG,23,DET,56,1572,11.9,.518,.215,.276,4.1,15.1,9.6,19.8,2.0,1.5,16.8,16.0,,0.7,1.4,2.1,.064,,-2.1,0.9,-1.2,0.3
Charlie Brown,SG,22,ATL,10,40,11.0,.472,.474,.263,5.3,5.4,5.4,7.3,2.3,4.2,12.4,25.1,,0.0,0.0,0.0,-0.027,,-1.1,-1.4,-2.5,0.0
Jaylen Brown,SF,23,BOS,50,1702,17.1,.589,.364,.280,3.4,16.4,10.0,10.1,1.6,0.9,11.8,24.7,,2.2,2.3,4.5,.126,,1.1,-0.2,0.9,1.3
Moses Brown,C,20,POR,9,33,6.8,.407,.000,.800,9.5,33.9,21.9,4.1,1.4,2.6,18.2,21.2,,-0.1,0.0,0.0,-0.060,,-8.2,-1.8,-10.0,-0.1
Sterling Brown,SF,24,MIL,44,629,9.2,.478,.525,.163,4.4,19.6,12.5,8.7,1.6,0.8,13.9,16.5,,-0.4,1.3,1.0,.074,,-3.1,1.0,-2.2,0.0
Troy Brown,SG,20,WAS,58,1437,13.9,.534,.285,.219,4.5,19.5,11.7,13.0,2.4,0.3,10.2,17.1,,1.2,0.9,2.1,.070,,-0.8,-0.4,-1.2,0.3
Jalen Brunson,PG,23,DAL,57,1022,15.0,.553,.309,.193,2.3,11.2,6.8,26.9,1.0,0.3,13.6,20.4,,1.6,0.7,2.3,.108,,0.2,-1.1,-0.8,0.3
Thomas Bryant,C,22,WAS,35,836,20.3,.660,.172,.289,8.7,23.1,15.6,12.4,0.7,3.3,12.3,18.6,,2.2,0.4,2.6,.151,,2.3,-1.0,1.3,0.7
Reggie Bullock,SG,28,NYK,26,633,9.6,.499,.495,.088,2.1,8.7,5.3,8.5,1.9,0.1,6.3,16.0,,0.2,0.3,0.5,.041,,-2.7,-0.2,-3.0,-0.2
Trey Burke,PG,27,PHI,25,329,15.4,.545,.299,.142,5.0,6.7,5.9,24.3,1.0,0.3,8.2,19.3,,0.6,0.3,0.9,.129,,0.6,-1.1,-0.5,0.1
Alec Burks,SG,28,TOT,56,1555,15.8,.547,.382,.359,2.7,15.2,8.7,17.0,1.7,1.0,9.4,23.7,,1.8,1.0,2.8,.086,,0.4,-0.8,-0.5,0.6
Deonte Burton,SG,26,OKC,33,280,5.9,.425,.437,.117,2.5,15.7,9.3,5.6,0.9,3.0,11.4,19.3,,-0.6,0.3,-0.3,-0.048,,-5.5,-0.3,-5.8,-0.3
Jimmy Butler,SF,30,MIA,52,1790,23.4,.582,.167,.670,6.3,15.4,11.0,28.4,2.4,1.6,11.4,25.2,,5.8,2.4,8.1,.218,,4.1,1.2,5.3,3.3
Bruno Caboclo,SF,24,TOT,25,206,12.3,.445,.375,.069,9.8,14.6,12.2,6.5,2.7,5.8,10.8,16.8,,-0.1,0.3,0.2,.054,,-3.2,1.0,-2.2,0.0
Kentavious Caldwell-Pope,SG,26,LAL,60,1532,11.7,.592,.477,.212,2.7,6.1,4.4,8.7,1.6,0.7,9.7,15.0,,2.0,1.6,3.6,.114,,-0.7,0.3,-0.3,0.7
Vlatko Čančar,SF,22,DEN,14,45,11.4,.507,.400,.267,12.3,12.4,12.3,9.1,1.1,2.0,15.2,19.0,,0.0,0.0,0.1,.069,,-3.3,-1.2,-4.6,0.0
Clint Capela,C,25,HOU,39,1279,20.7,.626,.000,.268,13.7,30.2,21.9,5.6,1.2,4.8,12.7,16.0,,2.9,2.1,5.0,.189,,1.2,0.4,1.6,1.2
DeMarre Carroll,SF,33,TOT,18,181,5.8,.441,.525,.625,5.3,19.5,12.4,11.2,1.0,1.9,22.7,15.6,,-0.3,0.1,-0.1,-0.030,,-5.4,-1.1,-6.5,-0.2
Jevon Carter,PG,24,PHO,47,684,10.3,.530,.549,.103,3.7,10.3,6.9,12.5,2.5,1.4,12.7,13.7,,0.3,0.7,1.0,.069,,-1.6,1.0,-0.6,0.2
Vince Carter,SF,43,ATL,56,812,7.4,.460,.660,.103,2.4,13.6,7.9,7.9,1.3,2.6,9.8,16.7,,-0.7,0.4,-0.3,-0.016,,-3.3,-1.1,-4.4,-0.5
Wendell Carter,C,20,CHI,40,1175,15.8,.585,.086,.431,12.2,25.0,18.3,6.1,1.3,2.9,14.4,16.4,,1.7,1.5,3.2,.130,,-1.9,-0.3,-2.2,0.0
Michael Carter-Williams,SG,28,ORL,39,699,14.4,.504,.278,.329,6.0,14.6,10.2,19.7,2.9,2.5,14.8,18.0,,0.3,1.0,1.3,.093,,-2.2,1.7,-0.5,0.3
Alex Caruso,PG,25,LAL,55,993,11.2,.540,.412,.296,1.5,10.1,5.9,12.6,2.8,1.4,13.2,13.8,,0.6,1.5,2.2,.105,,-2.3,2.4,0.0,0.5
Willie Cauley-Stein,C,26,TOT,51,1066,16.8,.586,.003,.216,7.8,22.9,15.2,9.7,2.2,5.0,10.9,14.4,,1.4,1.4,2.8,.128,,-1.4,1.6,0.3,0.6
Tyson Chandler,C,37,HOU,26,219,10.8,.717,.000,.722,11.9,19.6,15.7,3.5,1.3,3.1,25.2,6.0,,0.3,0.3,0.6,.132,,-2.4,1.1,-1.3,0.0
Wilson Chandler,SF,32,BRK,32,668,7.7,.530,.643,.123,1.7,18.3,10.2,7.3,1.1,1.5,15.1,13.3,,-0.1,0.8,0.7,.049,,-3.7,1.0,-2.7,-0.1
Joe Chealey,PG,24,CHO,3,31,-3.0,.127,.571,.286,0.0,0.0,0.0,4.2,6.4,0.0,20.2,14.0,,-0.2,0.0,-0.1,-0.198,,-15.1,1.6,-13.5,-0.1
Zylan Cheatham,SF,24,NOP,3,31,0.1,.400,.200,.000,3.4,17.1,10.2,7.9,0.0,2.7,37.5,10.6,,-0.1,0.0,-0.1,-0.083,,-10.1,-0.1,-10.2,-0.1
Chris Chiozza,PG,24,TOT,18,198,11.3,.476,.500,.034,2.1,11.6,6.7,26.7,3.6,0.9,20.3,15.5,,0.0,0.2,0.2,.042,,-2.2,2.1,-0.1,0.1
Marquese Chriss,PF,22,GSW,56,1106,19.1,.604,.104,.406,9.7,23.3,16.3,14.6,1.6,4.8,15.3,19.2,,1.7,1.3,3.0,.130,,-0.4,0.5,0.1,0.6
Gary Clark,PF,25,TOT,32,406,10.9,.549,.857,.092,6.6,14.0,10.3,4.6,0.5,3.0,3.8,11.0,,0.6,0.3,0.9,.107,,-0.8,-1.2,-2.0,0.0
Brandon Clarke,PF,23,MEM,50,1086,21.8,.670,.127,.228,7.7,20.4,14.1,10.1,1.1,3.3,9.3,18.9,,3.1,1.3,4.4,.193,,2.8,0.5,3.4,1.5
Jordan Clarkson,SG,27,TOT,60,1452,18.1,.584,.469,.193,3.5,8.5,6.1,13.4,1.3,0.9,9.1,25.6,,2.6,0.8,3.4,.111,,3.0,-1.2,1.8,1.4
Nicolas Claxton,PF,20,BRK,15,187,14.9,.577,.146,.438,10.7,13.4,12.1,12.6,0.3,3.5,13.6,14.8,,0.3,0.2,0.5,.123,,-0.7,0.1,-0.6,0.1
Chris Clemons,SG,22,HOU,28,246,12.6,.547,.750,.056,1.3,8.5,4.9,13.1,1.1,1.7,11.8,24.2,,0.1,0.2,0.2,.047,,0.5,-1.7,-1.2,0.1
Antonius Cleveland,SG,25,DAL,6,22,2.9,.363,.167,.333,0.0,13.9,7.1,0.0,2.2,3.9,12.7,15.3,,-0.1,0.0,0.0,-0.076,,-8.9,0.5,-8.4,0.0
Amir Coffey,SG,22,LAC,10,83,8.2,.456,.200,.120,5.1,10.9,8.1,11.5,0.6,1.1,7.1,14.2,,0.0,0.1,0.1,.054,,-4.0,-0.6,-4.6,0.0
John Collins,PF,22,ATL,37,1208,23.2,.656,.246,.233,8.9,24.4,16.5,8.1,1.0,4.1,10.4,22.8,,3.2,1.0,4.2,.169,,3.5,-0.5,3.0,1.5
Zach Collins,PF,22,POR,3,86,9.0,.624,.368,.316,4.9,9.5,7.2,9.1,0.0,2.0,21.7,13.6,,0.1,0.0,0.1,.046,,-1.1,-0.7,-1.8,0.0
Mike Conley,PG,32,UTA,38,1072,13.4,.522,.426,.251,2.5,9.7,6.3,22.5,1.1,0.3,11.9,22.9,,0.9,0.9,1.8,.081,,0.1,-0.4,-0.3,0.5
Pat Connaughton,SG,27,MIL,58,1053,11.5,.569,.535,.119,5.1,17.0,11.5,10.9,0.7,2.6,14.4,11.7,,1.0,2.0,3.0,.138,,-0.7,1.6,0.9,0.8
Quinn Cook,PG,26,LAL,38,409,10.5,.517,.382,.052,1.9,8.6,5.3,13.8,1.3,0.2,12.4,20.9,,-0.1,0.4,0.4,.042,,-2.2,-1.1,-3.3,-0.1
Tyler Cook,PF,22,CLE,11,35,23.9,.752,.000,.600,12.5,19.2,15.8,4.5,1.4,0.0,7.3,16.6,,0.2,0.0,0.2,.243,,3.0,-0.7,2.3,0.0
Robert Covington,PF,29,TOT,58,1735,13.9,.572,.657,.169,2.8,20.1,11.2,5.9,2.5,3.4,11.4,17.5,,0.9,2.3,3.2,.089,,-0.8,1.2,0.4,1.1
Allen Crabbe,SG,27,TOT,37,653,6.0,.470,.672,.079,1.8,11.0,6.3,6.9,1.1,0.5,8.5,12.7,,-0.2,0.1,-0.1,-0.007,,-3.7,-1.5,-5.2,-0.5
Torrey Craig,SF,29,DEN,46,821,10.4,.556,.515,.158,6.2,14.1,10.1,4.9,1.0,3.5,8.7,12.1,,0.8,0.9,1.6,.095,,-2.3,0.2,-2.2,0.0
Jae Crowder,SF,29,TOT,56,1653,12.1,.534,.689,.242,3.0,18.7,11.0,11.4,1.9,1.0,9.9,15.7,,1.2,1.9,3.1,.089,,-0.8,0.1,-0.7,0.5
Jarrett Culver,SG,20,MIN,60,1440,9.5,.462,.393,.203,4.7,10.4,7.4,10.7,1.8,2.2,11.6,19.3,,-1.3,1.0,-0.2,-0.007,,-3.3,-0.7,-4.0,-0.7
Seth Curry,SG,29,DAL,58,1432,16.0,.647,.568,.168,1.9,8.0,5.0,12.2,1.2,0.5,9.4,18.5,,3.4,0.9,4.3,.142,,2.1,-0.7,1.4,1.3
Stephen Curry,PG,31,GSW,4,112,20.2,.548,.561,.273,3.7,16.0,9.6,41.8,2.1,1.6,16.9,33.9,,0.1,0.1,0.2,.068,,3.1,-0.8,2.3,0.1
Troy Daniels,SG,28,LAL,41,456,9.0,.527,.709,.101,2.9,8.0,5.5,4.0,0.8,0.6,5.2,16.1,,0.3,0.4,0.7,.071,,-1.0,-1.1,-2.1,0.0
Anthony Davis,PF,26,LAL,52,1789,28.4,.615,.191,.465,7.4,22.4,15.1,15.0,2.1,6.4,10.3,29.5,,6.0,3.9,9.9,.264,,5.8,2.8,8.6,4.8
Ed Davis,C,30,UTA,25,268,7.3,.425,.000,.324,12.4,25.7,19.4,3.8,1.8,2.8,25.1,8.5,,-0.1,0.5,0.4,.074,,-5.5,1.7,-3.8,-0.1
Terence Davis,SG,22,TOR,61,1059,15.0,.605,.567,.129,4.7,16.2,10.6,14.4,1.4,1.1,13.2,18.6,,1.5,1.6,3.1,.142,,1.2,0.6,1.8,1.0
Dewayne Dedmon,C,30,TOT,40,678,8.9,.481,.425,.145,7.7,27.5,17.4,4.0,1.4,5.1,18.6,17.8,,-0.9,1.0,0.1,.006,,-6.0,0.2,-5.9,-0.6
Matthew Dellavedova,PG,29,CLE,54,711,7.1,.435,.516,.191,2.5,7.7,5.1,27.3,1.2,0.1,22.4,13.2,,-0.1,0.0,-0.1,-0.007,,-4.3,-1.8,-6.1,-0.7
DeMar DeRozan,SF,30,SAS,58,1983,21.4,.598,.033,.417,2.0,15.7,8.9,25.5,1.4,0.6,11.5,26.7,,4.9,1.1,6.0,.144,,2.2,-0.5,1.7,1.9
Cheick Diallo,C,23,PHO,41,425,16.7,.699,.016,.282,6.4,23.8,14.9,7.2,1.1,2.3,16.2,16.6,,0.8,0.5,1.2,.138,,-0.9,-0.1,-1.0,0.1
Hamidou Diallo,SF,21,OKC,36,656,8.3,.479,.153,.201,4.7,14.7,9.9,4.6,2.1,0.9,13.7,17.7,,-0.7,0.8,0.1,.007,,-5.2,0.3,-4.9,-0.5
Gorgui Dieng,C,30,TOT,55,961,17.8,.567,.420,.231,9.2,26.2,17.5,9.9,2.3,4.7,12.6,18.0,,1.2,1.5,2.7,.132,,0.2,1.7,1.9,0.9
Spencer Dinwiddie,SG,26,BRK,61,1900,17.9,.537,.391,.424,1.7,9.7,5.8,35.5,0.9,0.9,12.3,29.2,,3.1,1.6,4.7,.119,,2.6,-0.8,1.8,1.8
Donte DiVincenzo,SG,23,MIL,57,1308,14.7,.564,.488,.180,4.7,15.6,10.5,12.9,2.7,1.1,13.2,16.8,,1.3,3.0,4.3,.157,,-0.8,2.7,1.9,1.3
Luka Dončić,PG,20,DAL,50,1657,27.7,.586,.441,.447,4.3,25.2,15.0,45.9,1.5,0.5,15.1,37.0,,5.4,2.1,7.5,.216,,7.5,1.0,8.5,4.4
Luguentz Dort,SG,20,OKC,27,585,7.6,.529,.489,.255,2.7,6.2,4.6,4.4,1.8,0.1,7.7,12.8,,0.2,0.5,0.7,.058,,-4.3,0.5,-3.8,-0.3
Damyean Dotson,SG,25,NYK,47,823,11.1,.535,.571,.113,1.0,10.7,5.7,10.2,1.3,0.5,6.6,16.3,,0.7,0.3,1.0,.058,,-0.9,-0.5,-1.4,0.1
Sekou Doumbouya,SF,19,DET,35,695,6.2,.476,.432,.200,3.1,15.5,9.2,3.1,1.3,1.0,12.4,17.1,,-0.8,0.5,-0.3,-0.020,,-5.3,-1.5,-6.7,-0.8
PJ Dozier,PG,23,DEN,20,233,9.5,.453,.311,.122,2.4,11.9,7.1,17.6,1.5,2.0,10.4,19.7,,-0.1,0.2,0.1,.024,,-4.2,-0.7,-4.9,-0.2
Goran Dragić,PG,33,MIA,51,1455,16.6,.582,.479,.332,1.9,9.8,6.0,28.9,1.0,0.5,14.7,25.6,,2.3,1.0,3.3,.109,,2.0,-1.8,0.2,0.8
Andre Drummond,C,26,TOT,55,1811,21.9,.549,.044,.363,15.1,37.7,26.2,13.8,2.9,4.1,18.3,25.7,,0.6,3.5,4.1,.110,,-0.1,1.1,1.0,1.4
Jared Dudley,SF,34,LAL,40,311,7.4,.570,.680,.040,1.8,13.1,7.6,7.4,1.8,0.8,10.5,7.7,,0.2,0.4,0.7,.102,,-2.6,1.9,-0.8,0.1
Kris Dunn,PG,25,CHI,51,1269,12.2,.510,.327,.158,1.9,14.8,8.1,19.5,3.8,1.3,15.7,14.6,,0.3,1.9,2.2,.084,,-3.7,3.2,-0.6,0.4
Carsen Edwards,SG,21,BOS,35,316,6.5,.446,.602,.115,2.1,12.4,7.3,9.5,1.5,0.9,11.2,18.1,,-0.3,0.4,0.1,.012,,-4.6,-0.4,-5.0,-0.2
Henry Ellenson,PF,23,BRK,5,15,-1.2,.143,.571,.000,14.0,26.7,20.5,8.8,0.0,0.0,0.0,19.5,,-0.1,0.0,-0.1,-0.180,,-7.7,-3.0,-10.8,0.0
Wayne Ellington,SG,32,NYK,32,497,8.7,.523,.819,.084,0.8,10.8,5.7,9.6,1.2,0.8,9.1,15.1,,0.2,0.2,0.4,.039,,-1.8,-0.9,-2.7,-0.1
Joel Embiid,C,25,PHI,43,1302,25.7,.591,.231,.541,9.9,32.8,21.4,17.3,1.4,3.8,13.4,32.4,,3.0,2.4,5.4,.200,,3.9,1.3,5.2,2.3
James Ennis,SF,29,TOT,58,987,11.9,.556,.465,.268,6.6,14.5,10.5,7.0,1.3,1.8,10.9,15.6,,0.9,1.1,2.0,.100,,-2.0,-0.4,-2.4,-0.1
Drew Eubanks,PF,22,SAS,11,86,16.3,.781,.048,.429,8.8,21.3,15.0,3.4,0.0,3.1,21.9,16.1,,0.2,0.0,0.2,.121,,-1.9,-2.4,-4.3,-0.1
Jacob Evans,SG,22,TOT,29,418,5.5,.436,.291,.216,2.2,8.6,5.3,10.8,1.3,2.6,14.6,17.5,,-0.7,0.2,-0.5,-0.054,,-5.8,-1.4,-7.2,-0.5
Dante Exum,SG,24,TOT,35,485,10.4,.576,.361,.361,2.7,12.6,7.6,11.5,1.3,1.4,18.4,14.9,,0.2,0.2,0.4,.042,,-2.5,-0.5,-3.0,-0.1
Tacko Fall,C,24,BOS,6,24,24.0,.713,.000,.250,0.0,48.5,24.5,0.0,0.0,7.7,18.4,29.1,,0.0,0.1,0.1,.102,,-1.9,3.0,1.1,0.0
Derrick Favors,C,28,NOP,43,1042,19.2,.623,.024,.207,14.2,29.7,21.9,10.1,1.1,3.3,13.2,14.5,,2.3,1.3,3.7,.168,,1.0,0.2,1.2,0.8
Cristiano Felício,PF,27,CHI,21,383,12.9,.671,.037,.426,15.1,14.2,14.7,5.7,1.3,0.5,21.9,9.1,,0.7,0.3,1.0,.126,,-1.4,-1.6,-3.0,-0.1
Terrance Ferguson,SF,21,OKC,48,1139,4.2,.507,.784,.098,2.2,4.5,3.4,5.0,1.0,1.2,12.2,8.9,,-0.1,0.7,0.7,.028,,-4.4,0.3,-4.1,-0.6
Bruno Fernando,C,21,ATL,52,671,12.3,.544,.192,.259,10.4,19.9,15.1,10.0,1.2,2.1,16.3,15.9,,0.4,0.4,0.8,.057,,-3.1,-1.0,-4.1,-0.4
Yogi Ferrell,PG,26,SAC,43,481,10.7,.499,.405,.208,1.4,10.1,5.6,17.7,1.4,0.8,12.0,18.9,,0.1,0.3,0.4,.037,,-2.1,-0.4,-2.5,-0.1
Dorian Finney-Smith,PF,26,DAL,63,1860,12.2,.594,.579,.217,7.1,12.3,9.8,7.0,1.1,1.6,11.1,12.7,,2.9,1.5,4.4,.113,,0.1,-0.2,-0.1,0.9
Bryn Forbes,SG,26,SAS,60,1510,11.1,.566,.657,.151,0.9,7.8,4.3,9.9,1.0,0.0,8.5,18.7,,1.2,0.3,1.4,.045,,-0.7,-2.0,-2.7,-0.3
Evan Fournier,SG,27,ORL,61,1931,16.8,.599,.467,.236,0.9,8.1,4.3,16.7,1.8,0.7,11.1,24.2,,2.7,1.7,4.4,.109,,1.5,-0.3,1.2,1.6
De'Aaron Fox,PG,22,SAC,42,1331,20.0,.554,.218,.435,2.4,12.2,7.2,35.4,2.2,1.6,15.0,29.7,,1.7,1.3,3.1,.110,,1.9,-0.3,1.5,1.2
Melvin Frazier,SG,23,ORL,15,51,7.5,.480,.412,.235,2.0,6.5,4.2,2.8,3.8,3.6,13.8,18.5,,-0.1,0.1,0.0,.002,,-6.1,1.6,-4.5,0.0
Michael Frazier,SG,25,HOU,8,66,2.4,.513,.727,.545,1.6,3.2,2.4,1.9,1.4,0.0,12.8,9.8,,0.0,0.0,0.0,.018,,-7.8,-0.9,-8.7,-0.1
Tim Frazier,PG,29,DET,27,355,9.8,.464,.319,.255,2.8,7.8,5.3,36.4,1.9,0.9,25.6,17.2,,-0.1,0.2,0.1,.018,,-2.9,-1.6,-4.6,-0.2
Markelle Fultz,PG,21,ORL,61,1726,14.0,.517,.177,.211,1.9,11.1,6.3,28.9,2.2,0.5,15.4,20.6,,0.5,1.8,2.3,.064,,-2.1,0.2,-1.9,0.0
Wenyen Gabriel,PF,22,TOT,25,189,6.7,.500,.425,.400,7.9,13.9,10.9,5.5,1.8,2.8,25.4,14.3,,-0.2,0.2,0.0,-0.002,,-5.5,-0.2,-5.7,-0.2
Daniel Gafford,C,21,CHI,40,552,16.4,.675,.000,.433,9.2,10.7,9.9,4.7,1.1,8.6,14.2,13.6,,1.0,0.7,1.7,.145,,-2.8,1.5,-1.3,0.1
Danilo Gallinari,PF,31,OKC,53,1628,19.6,.612,.542,.352,2.3,17.3,10.0,10.7,1.2,0.2,7.7,24.4,,4.0,1.6,5.6,.164,,4.3,-0.9,3.4,2.2
Langston Galloway,SG,28,DET,63,1625,12.0,.583,.622,.164,2.1,7.8,4.9,8.7,1.3,0.5,6.8,15.8,,2.2,0.7,2.9,.085,,-0.1,-1.0,-1.1,0.4
Darius Garland,PG,20,CLE,59,1824,8.6,.498,.423,.103,1.6,5.2,3.4,18.5,1.1,0.2,17.1,20.6,,-1.3,-0.1,-1.4,-0.036,,-2.7,-3.0,-5.7,-1.7
Marc Gasol,C,35,TOR,35,974,12.1,.551,.537,.156,3.2,20.9,12.2,16.9,1.4,3.3,14.8,12.7,,0.9,1.8,2.7,.131,,-0.8,2.7,1.9,1.0
Rudy Gay,PF,33,SAS,57,1208,14.1,.540,.364,.232,4.8,22.2,13.5,11.7,1.0,1.9,13.1,21.1,,0.4,0.9,1.3,.051,,-0.6,-1.0,-1.5,0.2
Paul George,SF,29,LAC,39,1133,20.3,.581,.497,.267,1.7,18.4,10.3,20.8,2.2,1.5,13.3,29.9,,1.6,1.9,3.4,.146,,3.2,0.9,4.2,1.8
Taj Gibson,C,34,NYK,58,959,15.9,.605,.045,.202,11.4,17.0,14.1,8.0,1.2,2.5,13.4,14.8,,1.6,0.7,2.3,.117,,-0.9,-0.3,-1.2,0.2
Harry Giles,PF,21,SAC,35,531,16.8,.588,.000,.225,6.6,25.2,15.6,13.8,1.7,2.5,13.2,19.8,,0.7,0.7,1.4,.128,,-2.0,1.2,-0.8,0.2
Shai Gilgeous-Alexander,SG,21,OKC,62,2193,17.7,.564,.237,.336,2.4,16.4,9.6,14.6,1.5,1.8,9.9,23.7,,2.8,2.5,5.3,.116,,1.3,0.2,1.5,1.9
Rudy Gobert,C,27,UTA,59,2043,22.0,.701,.000,.705,11.6,31.7,22.1,6.4,1.0,4.8,15.4,16.4,,5.8,3.8,9.6,.225,,1.9,1.8,3.8,3.0
Brandon Goodwin,PG,24,ATL,32,412,11.9,.507,.454,.164,2.8,15.8,9.2,17.7,1.2,0.8,12.1,22.5,,0.0,0.2,0.1,.016,,-1.4,-1.3,-2.7,-0.1
Aaron Gordon,PF,24,ORL,55,1810,14.8,.514,.316,.277,5.5,19.5,12.2,17.0,1.2,1.6,10.2,20.5,,1.2,2.0,3.2,.084,,-0.4,0.1,-0.3,0.8
Eric Gordon,SG,31,HOU,32,919,10.9,.516,.658,.239,0.9,6.1,3.5,8.1,1.1,1.0,6.9,22.1,,0.3,0.5,0.8,.044,,-1.2,-1.9,-3.1,-0.3
Devonte' Graham,PG,24,CHO,59,2063,15.1,.527,.609,.245,2.1,8.9,5.4,35.3,1.3,0.7,14.7,24.6,,1.9,0.9,2.8,.064,,2.2,-2.1,0.1,1.1
Treveon Graham,SG,26,TOT,51,869,6.3,.447,.485,.225,5.2,11.8,8.4,6.1,1.3,0.6,9.4,13.1,,-0.3,0.4,0.1,.005,,-4.8,-0.9,-5.7,-0.8
Jerami Grant,PF,25,DEN,60,1581,14.0,.583,.395,.315,3.5,11.5,7.5,6.5,1.2,2.9,8.2,17.8,,2.2,1.5,3.7,.112,,-0.1,-0.4,-0.5,0.6
Josh Gray,PG,26,NOP,2,23,-5.0,.500,.000,.000,4.6,4.6,4.6,10.4,0.0,0.0,71.4,12.5,,-0.1,0.0,-0.1,-0.227,,-11.2,-4.8,-16.0,-0.1
Danny Green,SG,32,LAL,58,1445,11.4,.568,.701,.107,3.3,11.5,7.5,7.1,2.3,1.7,10.8,14.1,,1.1,2.2,3.3,.109,,-0.6,1.5,0.8,1.0
Draymond Green,PF,29,GSW,43,1222,12.6,.489,.408,.263,2.0,22.3,11.8,31.3,2.3,2.4,21.8,15.7,,-0.2,1.3,1.2,.046,,-2.1,1.8,-0.3,0.5
JaMychal Green,PF,29,LAC,52,1069,10.5,.549,.677,.149,6.7,24.3,15.7,4.7,1.1,1.6,12.5,13.4,,0.7,1.7,2.4,.106,,-1.7,0.6,-1.1,0.2
Javonte Green,SF,26,BOS,43,402,12.5,.563,.237,.371,4.6,15.8,10.3,7.5,2.6,1.6,13.1,13.8,,0.3,0.7,1.0,.116,,-2.3,1.7,-0.6,0.1
Jeff Green,PF,33,TOT,36,658,11.2,.553,.550,.311,2.6,12.9,7.9,6.3,1.2,1.8,11.9,18.9,,0.2,0.7,0.9,.067,,-1.3,-0.1,-1.4,0.1
Blake Griffin,PF,30,DET,18,512,11.9,.476,.444,.392,3.7,15.0,9.3,17.9,0.7,1.1,12.0,28.3,,-0.4,0.3,-0.1,-0.009,,-1.7,-2.6,-4.2,-0.3
Marko Guduric,SG,24,MEM,40,471,9.1,.521,.520,.164,3.2,12.3,7.8,12.3,1.2,1.5,17.7,17.5,,-0.2,0.4,0.2,.018,,-2.4,-0.8,-3.2,-0.1
Kyle Guy,SG,22,SAC,2,4,9.9,.500,.500,.000,0.0,0.0,0.0,0.0,0.0,0.0,0.0,21.8,,0.0,0.0,0.0,-0.020,,-1.4,-2.7,-4.1,0.0
Rui Hachimura,PF,21,WAS,38,1116,14.7,.554,.161,.236,5.5,17.1,11.1,8.2,1.3,0.4,7.3,19.3,,1.4,0.3,1.7,.073,,-0.7,-2.0,-2.7,-0.2
Devon Hall,SG,24,OKC,5,20,3.6,.370,.400,.800,0.0,5.4,2.8,19.2,0.0,0.0,12.9,17.1,,0.0,0.0,0.0,-0.064,,-6.2,-3.6,-9.7,0.0
Donta Hall,PF,22,DET,3,41,7.7,.434,.000,1.000,13.7,16.8,15.2,6.2,1.2,2.0,25.8,8.2,,0.0,0.0,0.0,.050,,-4.6,-1.1,-5.6,0.0
Dusty Hannahs,SG,26,MEM,2,13,21.4,.607,.333,.222,0.0,7.9,4.0,0.0,0.0,0.0,0.0,31.6,,0.0,0.0,0.0,.147,,4.9,-2.4,2.5,0.0
Tim Hardaway,SG,27,DAL,60,1699,15.0,.582,.572,.196,1.3,9.7,5.6,10.4,1.0,0.2,6.8,21.7,,2.9,1.0,3.9,.110,,1.6,-1.4,0.2,0.9
James Harden,SG,30,HOU,57,2100,28.9,.620,.558,.512,3.0,14.9,9.0,34.2,2.2,2.1,13.6,36.5,,8.7,2.6,11.3,.258,,8.3,1.3,9.6,6.2
Maurice Harkless,SF,26,TOT,58,1339,9.8,.578,.350,.217,4.2,13.7,9.0,5.9,2.0,2.2,15.3,10.6,,0.7,1.9,2.6,.092,,-2.6,2.1,-0.5,0.5
Jared Harper,PG,22,PHO,3,8,-5.3,.250,.500,.000,0.0,0.0,0.0,0.0,0.0,0.0,0.0,21.3,,0.0,0.0,0.0,-0.251,,-10.1,-5.7,-15.7,0.0
Montrezl Harrell,C,26,LAC,60,1674,23.1,.605,.020,.420,10.1,15.9,13.1,10.5,1.1,3.5,10.1,25.6,,4.3,2.4,6.7,.191,,2.4,0.5,2.8,2.0
Gary Harris,SG,25,DEN,52,1657,9.1,.504,.403,.169,1.6,8.7,5.1,9.1,2.0,0.7,9.7,15.1,,0.2,1.5,1.7,.049,,-3.2,0.4,-2.8,-0.3
Joe Harris,SF,28,BRK,60,1862,12.4,.583,.528,.118,3.3,11.0,7.3,10.3,0.9,0.7,11.0,17.8,,1.8,1.6,3.4,.089,,-0.1,-0.5,-0.5,0.7
Tobias Harris,PF,27,PHI,62,2143,16.6,.559,.309,.183,2.5,18.8,10.7,14.4,1.1,1.3,8.0,23.4,,2.7,2.6,5.3,.119,,0.9,-0.2,0.7,1.5
Shaquille Harrison,SF,26,CHI,40,385,16.8,.548,.244,.341,4.1,14.4,9.0,15.0,3.4,2.9,10.4,19.2,,0.4,0.6,1.0,.128,,-0.4,2.0,1.6,0.4
Josh Hart,SF,24,NOP,55,1509,11.9,.561,.677,.184,3.6,21.2,12.3,8.1,1.7,1.1,10.7,15.1,,1.2,1.5,2.7,.085,,-0.9,0.4,-0.5,0.6
Isaiah Hartenstein,C,21,HOU,23,266,18.7,.674,.075,.418,11.4,24.0,17.7,9.8,1.6,3.8,16.8,14.8,,0.7,0.4,1.1,.194,,-0.8,1.3,0.6,0.2
Udonis Haslem,PF,39,MIA,3,21,3.1,.322,.333,.667,0.0,41.1,21.4,6.2,0.0,0.0,0.0,16.3,,0.0,0.0,0.0,-0.032,,-9.7,-3.2,-12.8,-0.1
Jaxson Hayes,C,19,NOP,56,951,17.9,.675,.017,.736,9.0,15.7,12.4,7.5,1.1,4.6,11.6,15.2,,2.5,0.9,3.4,.174,,-0.6,0.7,0.1,0.5
Gordon Hayward,SF,29,BOS,43,1428,17.8,.592,.308,.181,3.3,17.5,10.5,18.9,1.1,1.1,11.1,20.7,,2.8,1.8,4.6,.155,,2.4,0.1,2.5,1.6
John Henson,PF,29,TOT,38,573,17.5,.573,.209,.270,8.9,22.0,15.4,13.4,2.0,6.2,14.9,16.1,,0.7,0.7,1.4,.116,,-0.8,2.2,1.3,0.5
Dewan Hernandez,C,23,TOR,4,11,4.3,.340,.200,.400,19.6,47.0,33.6,0.0,4.3,0.0,14.5,26.7,,0.0,0.0,0.0,.005,,-18.2,-3.1,-21.3,-0.1
Juan Hernangómez,PF,24,TOT,45,746,10.5,.519,.511,.294,5.6,19.5,12.4,7.0,1.0,1.1,10.7,15.8,,0.2,0.6,0.9,.056,,-2.2,-1.0,-3.3,-0.2
Willy Hernangómez,C,25,CHO,29,334,19.1,.573,.167,.452,11.5,27.0,18.9,14.7,1.5,1.9,16.1,23.6,,0.3,0.4,0.7,.102,,0.3,-0.2,0.1,0.2
Tyler Herro,SG,20,MIA,46,1273,11.4,.535,.476,.149,1.3,14.6,8.2,11.1,1.1,0.5,11.3,22.0,,-0.2,1.1,0.9,.034,,-0.9,-1.4,-2.3,-0.1
Kevin Hervey,PF,23,OKC,7,19,-14.8,.091,.727,.000,0.0,11.3,5.8,6.7,0.0,0.0,0.0,25.6,,-0.2,0.0,-0.2,-0.471,,-13.3,-6.4,-19.7,-0.1
Mario Hezonja,PF,24,POR,44,716,8.7,.507,.329,.295,3.5,18.6,11.2,6.9,1.7,0.9,14.1,13.5,,0.0,0.6,0.6,.038,,-3.6,0.3,-3.3,-0.2
Buddy Hield,SG,27,SAC,61,1970,16.1,.563,.579,.128,3.1,14.3,8.5,16.0,1.3,0.8,11.7,27.0,,1.6,1.5,3.0,.074,,2.5,-1.3,1.2,1.6
George Hill,PG,33,MIL,51,1087,17.7,.675,.453,.251,4.3,9.3,6.9,18.5,1.7,0.3,11.8,15.8,,3.2,1.9,5.1,.227,,2.1,1.3,3.5,1.5
Solomon Hill,SF,28,TOT,51,924,10.1,.543,.629,.158,3.0,13.5,8.4,13.0,1.7,0.7,13.8,13.4,,0.5,0.8,1.3,.068,,-1.7,0.0,-1.7,0.1
Jaylen Hoard,SF,20,POR,13,103,14.9,.504,.094,.406,14.3,17.8,16.0,5.4,2.3,0.0,9.6,17.2,,0.1,0.1,0.2,.097,,-0.8,-1.1,-1.9,0.0
Aaron Holiday,PG,23,IND,55,1268,12.3,.524,.410,.137,1.8,9.1,5.5,20.1,1.6,0.8,12.4,19.8,,0.5,1.3,1.8,.066,,-0.9,-0.6,-1.5,0.2
Jrue Holiday,SG,29,NOP,53,1849,17.0,.527,.344,.173,3.7,10.7,7.2,29.7,2.2,1.9,13.9,24.8,,1.7,1.6,3.3,.085,,1.7,0.0,1.7,1.7
Justin Holiday,SG,30,IND,62,1548,12.6,.591,.663,.141,2.2,12.1,7.1,7.4,2.3,2.2,7.6,13.4,,1.6,2.1,3.8,.117,,0.0,1.5,1.5,1.4
Rondae Hollis-Jefferson,SF,25,TOR,49,963,15.5,.537,.059,.444,10.6,15.6,13.1,12.9,2.1,2.2,12.3,17.3,,1.4,1.7,3.1,.153,,-1.0,1.5,0.5,0.6
Richaun Holmes,C,26,SAC,37,1087,20.8,.692,.000,.301,11.4,21.5,16.3,5.3,1.8,4.6,11.6,15.9,,3.2,1.5,4.6,.204,,0.8,0.9,1.8,1.0
Rodney Hood,SF,27,POR,21,619,12.2,.625,.413,.157,1.7,10.2,6.0,7.1,1.3,0.5,9.4,13.9,,0.9,0.2,1.1,.089,,-0.4,-0.5,-1.0,0.2
Al Horford,C,33,PHI,57,1747,15.0,.514,.403,.113,5.4,18.7,12.1,18.6,1.4,2.5,8.4,17.4,,2.0,2.4,4.5,.122,,0.6,1.3,1.9,1.7
Talen Horton-Tucker,SG,19,LAL,2,5,14.9,.000,1.000,.000,0.0,0.0,0.0,44.7,9.5,0.0,0.0,8.4,,0.0,0.0,0.0,.110,,0.7,7.2,7.9,0.0
Danuel House,SF,26,HOU,54,1646,11.5,.573,.650,.182,3.5,11.6,7.5,5.6,1.7,1.5,8.4,13.5,,1.8,1.6,3.4,.099,,-0.5,0.1,-0.4,0.7
Dwight Howard,C,34,LAL,60,1176,19.2,.700,.020,.706,14.7,27.1,21.1,4.7,1.1,5.7,17.3,14.5,,2.7,2.3,5.1,.206,,-0.6,1.3,0.7,0.8
William Howard,SG,26,HOU,2,13,-12.7,.000,1.000,.000,0.0,16.1,8.0,9.0,0.0,0.0,20.0,15.9,,-0.1,0.0,-0.1,-0.352,,-14.8,-5.7,-20.5,-0.1
Kevin Huerter,SG,21,ATL,52,1610,11.7,.541,.548,.113,2.2,12.2,7.2,16.6,1.4,1.3,12.0,17.3,,0.9,0.6,1.5,.044,,-0.4,-0.9,-1.3,0.3
De'Andre Hunter,SF,22,ATL,59,1879,8.9,.523,.444,.202,2.1,12.6,7.3,8.1,1.1,0.8,11.8,17.5,,-0.3,0.5,0.2,.004,,-2.8,-1.8,-4.5,-1.2
Chandler Hutchison,SF,23,CHI,28,527,12.4,.521,.217,.446,3.6,19.7,11.3,7.4,2.5,1.3,11.4,19.1,,0.0,0.7,0.7,.060,,-2.7,0.1,-2.6,-0.1
Serge Ibaka,C,30,TOR,47,1275,17.8,.588,.260,.190,8.2,22.8,15.6,8.1,0.9,3.0,12.9,24.4,,1.2,2.2,3.4,.129,,0.3,-0.2,0.2,0.7
Andre Iguodala,SG,36,MIA,11,198,9.9,.563,.525,.100,5.9,17.4,11.9,12.6,1.0,5.5,25.1,12.4,,0.0,0.3,0.3,.061,,-2.8,0.6,-2.2,0.0
Ersan İlyasova,PF,32,MIL,54,864,15.5,.592,.427,.260,7.1,22.1,15.1,7.1,1.2,1.4,8.8,16.8,,1.5,1.8,3.4,.187,,0.1,0.7,0.8,0.6
Joe Ingles,SF,32,UTA,61,1829,12.1,.581,.625,.176,1.3,12.6,7.2,23.9,1.3,0.4,18.8,15.0,,2.2,1.8,3.9,.104,,-0.2,0.6,0.3,1.1
Brandon Ingram,PF,22,NOP,54,1848,19.8,.596,.353,.332,2.6,16.5,9.5,19.8,1.4,1.6,12.9,28.4,,3.4,1.5,4.9,.128,,3.3,-0.4,2.8,2.3
Kyrie Irving,PG,27,BRK,20,658,26.3,.595,.341,.245,3.5,12.3,8.0,37.5,1.9,1.3,10.1,32.6,,2.2,0.8,3.0,.216,,6.7,1.0,7.7,1.6
Jonathan Isaac,SF,22,ORL,32,949,16.9,.542,.283,.227,6.2,19.3,12.5,7.1,2.6,7.4,11.7,18.3,,0.4,1.9,2.2,.114,,-0.9,2.9,2.0,1.0
Wesley Iwundu,SF,25,ORL,42,752,9.6,.508,.352,.391,3.0,12.4,7.5,8.1,1.6,1.2,7.5,13.1,,0.4,0.7,1.2,.074,,-3.4,0.4,-3.0,-0.2
Frank Jackson,PG,21,NOP,49,630,8.4,.512,.463,.246,3.0,7.8,5.4,8.7,1.1,0.5,12.9,20.2,,-0.2,0.3,0.1,.004,,-3.6,-2.0,-5.6,-0.6
Jaren Jackson,C,20,MEM,54,1512,16.2,.590,.485,.237,3.7,13.7,8.8,7.4,1.1,5.0,10.8,23.9,,1.5,1.7,3.2,.101,,0.2,-0.1,0.1,0.8
Josh Jackson,SG,22,MEM,15,294,13.1,.532,.462,.282,3.6,14.4,9.1,10.3,2.4,2.1,12.6,21.3,,0.0,0.4,0.4,.061,,-1.4,1.2,-0.2,0.1
Justin Jackson,PF,24,DAL,54,853,9.4,.493,.481,.137,3.0,12.9,8.1,5.8,0.6,0.7,3.7,16.2,,0.4,0.5,0.9,.053,,-2.1,-1.6,-3.7,-0.4
Reggie Jackson,PG,29,TOT,20,505,15.2,.517,.437,.164,3.3,10.2,6.8,29.9,1.0,0.7,11.5,24.6,,0.6,0.3,0.8,.079,,1.7,-1.4,0.3,0.3
Justin James,SG,23,SAC,33,217,11.6,.487,.333,.269,3.0,12.9,7.8,10.9,1.3,4.0,8.4,19.1,,0.0,0.2,0.2,.039,,-0.9,0.2,-0.7,0.1
LeBron James,PG,35,LAL,57,1988,25.7,.579,.322,.277,3.2,20.9,12.2,49.8,1.7,1.2,15.5,31.5,,5.7,3.1,8.8,.212,,6.6,1.6,8.2,5.1
Amile Jefferson,PF,26,ORL,18,74,8.9,.372,.000,1.000,13.9,19.5,16.6,7.3,0.7,3.7,13.0,13.6,,-0.1,0.1,0.0,.022,,-5.0,-1.0,-6.0,-0.1
DaQuan Jeffries,SG,22,SAC,6,19,10.7,.500,.571,.000,5.8,0.0,3.0,7.8,2.6,0.0,0.0,16.0,,0.0,0.0,0.0,.083,,-2.3,-0.2,-2.5,0.0
Ty Jerome,PG,22,PHO,25,272,8.9,.440,.417,.146,2.4,13.8,8.0,20.5,2.4,1.0,15.0,18.8,,-0.3,0.3,0.0,.001,,-3.6,0.4,-3.2,-0.1
Alize Johnson,SF,23,IND,13,54,10.8,.510,.000,.400,14.4,22.4,18.4,5.0,0.0,0.0,14.5,16.8,,0.0,0.1,0.1,.070,,-3.1,-1.7,-4.8,0.0
B.J. Johnson,SF,24,ORL,8,46,2.5,.344,.333,.111,2.2,12.1,7.0,6.2,2.1,0.0,13.7,20.6,,-0.2,0.0,-0.1,-0.134,,-7.4,-2.5,-9.8,-0.1
Cameron Johnson,PF,23,PHO,49,996,12.2,.576,.705,.142,4.3,11.5,7.8,7.4,1.4,1.4,7.7,16.0,,1.1,0.8,1.8,.088,,0.5,-0.7,-0.2,0.5
James Johnson,PF,32,TOT,29,550,14.1,.568,.421,.240,4.5,16.1,10.4,16.6,1.9,4.9,17.5,18.9,,0.2,0.7,0.9,.082,,-2.0,1.3,-0.7,0.2
Keldon Johnson,SF,20,SAS,6,40,14.8,.503,.158,.105,5.4,10.8,8.1,15.6,1.2,2.2,9.1,23.8,,0.0,0.0,0.0,.024,,0.4,-1.7,-1.3,0.0
Stanley Johnson,PF,23,TOR,20,96,3.1,.342,.419,.194,3.4,20.5,12.1,11.0,2.0,2.0,19.2,18.5,,-0.3,0.2,-0.1,-0.067,,-7.7,1.4,-6.4,-0.1
Tyler Johnson,SG,27,PHO,31,515,8.1,.481,.485,.187,2.1,9.3,5.6,13.5,1.1,1.4,11.5,17.3,,-0.2,0.3,0.1,.012,,-3.0,-0.7,-3.6,-0.2
Nikola Jokić,C,24,DEN,61,1975,25.8,.609,.231,.282,8.3,26.7,17.5,34.2,1.8,1.9,15.1,26.9,,6.1,3.0,9.1,.221,,5.9,2.4,8.3,5.1
Damian Jones,C,24,ATL,54,883,15.6,.712,.051,.472,8.9,16.1,12.5,5.5,1.4,3.8,11.5,11.4,,2.2,0.6,2.8,.152,,-1.5,0.1,-1.5,0.1
Derrick Jones,SF,22,MIA,48,1165,14.5,.603,.385,.355,5.2,13.3,9.5,6.5,2.1,2.8,7.0,14.2,,2.0,1.5,3.5,.146,,-0.5,1.0,0.5,0.7
Tyus Jones,PG,23,MEM,62,1173,15.9,.537,.283,.126,0.8,8.1,4.5,32.1,2.1,0.4,11.0,17.1,,1.9,0.9,2.9,.118,,0.6,0.0,0.6,0.8
DeAndre Jordan,C,31,BRK,53,1156,20.0,.690,.000,.423,12.0,34.0,23.3,12.8,0.7,3.5,18.8,14.0,,2.8,2.1,4.9,.203,,1.1,1.8,2.9,1.4
Cory Joseph,PG,28,SAC,61,1484,10.5,.516,.360,.150,2.7,9.6,6.0,19.4,1.4,1.2,13.7,13.1,,1.2,1.0,2.2,.070,,-2.0,0.4,-1.6,0.2
Mfiondu Kabengele,C,22,LAC,12,64,18.2,.614,.625,.156,1.7,15.8,8.9,4.8,1.5,2.7,5.5,23.5,,0.1,0.1,0.2,.174,,2.2,-0.2,1.9,0.1
Frank Kaminsky,C,26,PHO,32,718,14.6,.554,.401,.315,4.6,20.3,12.2,14.8,0.9,1.2,9.4,20.8,,0.8,0.6,1.4,.094,,0.2,-0.3,-0.1,0.3
Enes Kanter,C,27,BOS,48,866,22.3,.603,.023,.290,17.0,30.3,23.7,8.0,1.1,4.0,13.0,19.4,,2.2,1.7,3.8,.211,,1.7,-0.2,1.5,0.8
Luke Kennard,SG,23,DET,28,922,14.4,.589,.535,.219,1.1,11.1,6.0,19.1,0.6,0.5,10.3,19.7,,1.7,0.3,2.0,.102,,1.1,-1.4,-0.3,0.4
Stanton Kidd,SF,27,UTA,4,15,-13.7,.000,.333,.000,0.0,20.9,10.9,7.9,0.0,0.0,40.0,14.6,,-0.1,0.0,-0.1,-0.327,,-15.7,-1.3,-17.0,-0.1
Michael Kidd-Gilchrist,PF-SF,26,TOT,20,216,5.3,.420,.316,.193,5.8,19.7,12.6,8.2,0.4,2.1,15.1,14.7,,-0.2,0.2,-0.1,-0.017,,-5.9,-0.9,-6.7,-0.3
Louis King,SF,20,DET,10,62,6.3,.448,.524,.143,1.8,16.7,9.1,11.7,1.6,0.0,8.2,17.1,,0.0,0.0,0.0,-0.005,,-5.1,-1.1,-6.2,-0.1
Maxi Kleber,C,28,DAL,62,1562,14.2,.606,.606,.185,6.6,15.7,11.3,6.1,0.6,4.2,8.8,14.0,,2.8,1.6,4.4,.136,,0.8,0.1,0.9,1.1
Brandon Knight,PG,28,TOT,23,400,8.8,.506,.775,.166,0.8,8.2,4.5,22.0,1.2,0.4,17.3,21.1,,-0.2,0.1,-0.1,-0.014,,-1.6,-2.4,-4.1,-0.2
Kevin Knox,SF,20,NYK,61,1107,8.2,.471,.497,.250,2.3,14.6,8.3,7.6,0.9,2.1,9.4,17.8,,-0.5,0.6,0.1,.003,,-3.1,-1.3,-4.4,-0.7
John Konchar,SG,23,MEM,12,128,19.5,.735,.333,.074,10.0,15.3,12.7,14.6,2.6,2.0,12.5,10.4,,0.4,0.2,0.5,.203,,2.6,3.1,5.6,0.2
Furkan Korkmaz,SG,22,PHI,61,1328,11.8,.569,.616,.131,1.3,10.3,5.8,7.1,1.2,1.0,7.9,18.5,,1.0,1.3,2.3,.082,,-0.4,-0.8,-1.3,0.3
Luke Kornet,C,24,CHI,36,559,12.7,.539,.578,.150,4.2,12.8,8.3,8.5,0.9,4.4,6.6,16.3,,0.5,0.5,1.0,.090,,-1.0,-0.2,-1.2,0.1
Kyle Korver,SF,38,MIL,47,782,10.5,.600,.797,.131,1.6,10.1,6.1,9.0,1.2,1.2,13.5,15.3,,0.6,1.3,1.9,.119,,-1.0,0.6,-0.4,0.3
Rodions Kurucs,PF,21,BRK,38,496,8.5,.561,.477,.197,3.8,15.8,9.9,9.2,1.6,0.5,19.6,15.0,,-0.1,0.6,0.5,.049,,-3.7,0.8,-3.0,-0.1
Kyle Kuzma,PF,24,LAL,51,1258,11.4,.522,.400,.218,3.9,14.9,9.5,7.6,0.7,1.3,11.7,23.3,,-0.2,1.4,1.3,.048,,-2.2,-1.6,-3.7,-0.6
Skal Labissière,C,23,POR,33,567,15.4,.588,.088,.224,12.0,18.7,15.4,10.2,0.6,4.6,15.7,14.3,,1.0,0.4,1.5,.123,,-1.5,0.2,-1.3,0.1
Jeremy Lamb,SG,27,IND,46,1291,14.1,.547,.330,.230,2.1,15.0,8.6,10.6,2.1,1.5,8.7,19.7,,0.9,1.8,2.6,.098,,-1.0,0.5,-0.5,0.5
Romeo Langford,SG,20,BOS,24,263,6.5,.483,.393,.375,4.5,6.0,5.3,3.0,1.3,2.1,9.7,11.7,,0.0,0.3,0.3,.050,,-4.1,-0.2,-4.2,-0.1
Zach LaVine,SG,24,CHI,60,2085,19.5,.568,.404,.279,2.1,13.7,7.6,21.7,2.0,1.3,13.3,31.8,,1.9,2.1,4.0,.092,,3.3,-0.8,2.5,2.4
Vic Law,SF,24,ORL,4,8,-13.6,.000,.500,1.000,0.0,13.9,6.7,0.0,0.0,0.0,0.0,15.6,,-0.1,0.0,-0.1,-0.383,,-16.2,-7.9,-24.0,0.0
Jake Layman,PF,25,MIN,20,451,9.1,.517,.413,.144,2.7,9.4,5.9,4.6,1.5,1.8,10.5,17.4,,-0.2,0.3,0.1,.013,,-3.2,-1.0,-4.2,-0.2
T.J. Leaf,PF,22,IND,25,193,13.8,.485,.203,.174,12.1,24.5,18.3,4.3,2.0,1.4,8.6,18.5,,0.0,0.3,0.4,.088,,-1.4,-0.1,-1.6,0.0
Jalen Lecque,PG,19,PHO,4,26,5.0,.460,.400,.200,0.0,0.0,0.0,11.2,0.0,0.0,8.4,19.4,,0.0,0.0,0.0,-0.041,,-5.6,-3.6,-9.2,0.0
Courtney Lee,SG,34,DAL,20,242,10.7,.636,.617,.050,2.2,8.0,5.2,5.1,2.4,1.4,12.8,12.4,,0.2,0.2,0.5,.092,,-1.9,1.1,-0.8,0.1
Damion Lee,SG,27,GSW,46,1322,12.5,.541,.454,.253,2.4,16.3,9.1,14.4,1.7,0.4,10.6,18.9,,0.8,0.8,1.6,.057,,-1.7,-0.8,-2.5,-0.1
Alex Len,C,26,TOT,46,856,18.0,.593,.193,.297,11.1,24.4,17.6,8.3,1.2,4.4,12.1,18.2,,1.4,0.8,2.2,.124,,-0.1,-0.1,-0.2,0.4
Kawhi Leonard,SF,28,LAC,48,1552,26.6,.581,.280,.341,3.5,20.2,12.0,27.4,2.7,1.6,10.9,33.5,,4.1,2.8,7.0,.216,,6.3,2.5,8.7,4.2
Meyers Leonard,C,27,MIA,49,987,11.1,.640,.534,.117,3.2,24.1,14.1,7.7,0.6,1.5,13.0,12.0,,1.0,1.1,2.1,.104,,-1.0,0.4,-0.6,0.3
Caris LeVert,SG,25,BRK,36,1026,14.1,.498,.304,.256,3.6,9.8,6.8,22.8,1.9,0.4,12.6,29.0,,-0.4,1.1,0.7,.032,,-0.7,-0.8,-1.5,0.1
Damian Lillard,PG,29,POR,55,2028,26.7,.622,.490,.377,1.6,10.5,6.1,34.8,1.3,0.8,11.0,30.5,,8.7,0.7,9.4,.223,,8.2,-0.7,7.5,4.9
Nassir Little,PF,19,POR,46,565,9.5,.509,.386,.283,5.8,13.7,9.8,4.9,1.0,2.1,8.4,13.4,,0.3,0.3,0.6,.052,,-2.9,-0.7,-3.6,-0.2
Kevon Looney,C,23,GSW,20,262,9.4,.403,.177,.152,11.1,16.3,13.6,11.1,2.2,2.0,12.5,15.7,,-0.2,0.2,0.0,.007,,-4.9,-0.6,-5.5,-0.2
Brook Lopez,C,31,MIL,59,1566,13.9,.530,.500,.210,2.8,13.2,8.3,7.7,1.2,8.2,8.9,17.4,,0.7,3.8,4.5,.139,,-1.0,2.7,1.7,1.5
Robin Lopez,C,31,MIL,57,815,11.4,.567,.347,.166,6.5,9.8,8.2,6.2,0.5,4.3,15.0,16.6,,0.3,1.5,1.7,.102,,-2.1,0.4,-1.8,0.0
Kevin Love,PF,31,CLE,53,1666,18.2,.603,.529,.295,3.3,31.3,17.1,15.3,0.9,1.0,14.6,23.1,,2.5,1.1,3.6,.103,,2.7,-0.5,2.2,1.8
Kyle Lowry,PG,33,TOR,49,1789,17.4,.582,.573,.398,1.8,11.9,7.0,30.7,1.7,1.2,15.2,23.0,,3.6,2.6,6.2,.166,,2.3,0.6,2.9,2.2
Timothé Luwawu-Cabarrot,SG,24,BRK,36,593,8.9,.553,.559,.312,4.1,10.8,7.5,4.5,1.1,0.8,11.9,15.5,,0.3,0.6,0.8,.068,,-3.0,-0.1,-3.2,-0.2
Trey Lyles,PF,24,SAS,60,1174,12.3,.545,.484,.119,6.3,24.8,15.6,7.2,1.1,1.9,10.1,13.5,,0.9,0.9,1.9,.076,,-0.7,-0.7,-1.4,0.2
Daryl Macon,SG,24,MIA,4,14,-3.0,.500,.667,.000,0.0,0.0,0.0,9.6,0.0,0.0,40.0,15.7,,0.0,0.0,0.0,-0.161,,-7.0,-4.4,-11.4,0.0
J.P. Macura,SG,24,CLE,1,1,0.0,,,,0.0,0.0,0.0,0.0,0.0,0.0,,0.0,,0.0,0.0,0.0,-0.025,,-5.1,-1.4,-6.5,0.0
Josh Magette,PG,30,ORL,8,38,5.2,.378,.267,.133,2.7,14.6,8.4,19.4,3.9,2.4,23.9,23.8,,-0.2,0.1,-0.1,-0.127,,-8.1,1.7,-6.4,0.0
Ian Mahinmi,C,33,WAS,38,808,14.1,.545,.124,.538,10.1,19.6,14.7,8.1,1.8,4.7,14.8,15.6,,0.7,0.6,1.3,.080,,-2.6,-0.2,-2.8,-0.2
Thon Maker,C,22,DET,57,722,14.0,.595,.341,.602,8.1,17.2,12.6,8.0,1.5,4.3,16.8,16.1,,0.7,0.8,1.5,.100,,-1.8,0.7,-1.2,0.1
Terance Mann,SG,23,LAC,35,271,7.1,.472,.222,.222,1.6,10.8,6.3,17.9,1.4,1.6,19.1,11.2,,0.0,0.3,0.3,.056,,-4.8,1.2,-3.6,-0.1
Boban Marjanović,C,31,DAL,33,287,22.8,.591,.092,.262,15.7,30.9,23.5,7.1,0.8,2.1,12.3,26.7,,0.6,0.4,1.0,.167,,0.7,-1.8,-1.1,0.1
Lauri Markkanen,PF,22,CHI,47,1416,14.4,.562,.532,.266,4.2,20.0,11.8,7.6,1.3,1.5,11.1,21.2,,1.1,1.4,2.5,.085,,0.2,-0.7,-0.5,0.5
Caleb Martin,SF,24,CHO,14,209,6.7,.473,.382,.127,4.5,11.8,8.0,10.0,1.2,1.7,15.9,14.5,,-0.1,0.1,0.0,-0.004,,-4.7,-0.1,-4.9,-0.2
Cody Martin,SF,24,CHO,44,773,10.5,.509,.374,.305,4.4,15.7,9.9,14.0,2.1,0.9,15.2,14.2,,0.1,0.7,0.8,.051,,-3.1,0.9,-2.2,0.0
Jeremiah Martin,PG,23,BRK,2,11,4.8,.250,.000,.000,0.0,9.1,4.7,12.4,4.3,0.0,0.0,15.2,,0.0,0.0,0.0,-0.057,,-9.1,3.2,-5.9,0.0
Kelan Martin,SF,24,MIN,30,490,9.1,.506,.531,.173,2.5,18.4,10.2,6.5,0.7,1.5,9.4,17.9,,-0.1,0.3,0.2,.023,,-3.3,-0.9,-4.3,-0.3
Frank Mason,PG,25,MIL,5,23,3.2,.285,.571,.571,9.2,8.0,8.6,30.2,2.0,0.0,25.5,21.1,,-0.1,0.0,0.0,-0.069,,-8.5,-1.6,-10.2,0.0
Garrison Mathews,SG,23,WAS,16,202,14.1,.726,.840,.640,3.1,9.5,6.2,6.5,0.7,0.4,9.8,14.6,,0.6,0.0,0.6,.143,,1.0,-1.7,-0.6,0.1
Wesley Matthews,SG,33,MIL,59,1453,8.6,.556,.697,.153,1.5,8.3,5.1,7.6,1.0,0.5,9.0,12.6,,0.9,2.3,3.2,.106,,-2.2,0.7,-1.5,0.2
Patrick McCaw,SF,24,TOR,34,825,7.8,.513,.418,.118,2.5,7.1,4.9,11.6,2.0,0.5,14.4,9.7,,0.3,1.1,1.3,.078,,-3.3,1.6,-1.7,0.1
CJ McCollum,SG,28,POR,59,2120,17.3,.543,.378,.133,1.9,9.7,5.9,19.0,0.9,1.5,8.4,26.7,,2.8,0.6,3.4,.078,,2.5,-1.7,0.8,1.5
T.J. McConnell,PG,27,IND,60,1138,16.1,.537,.040,.104,3.0,12.2,7.6,37.3,1.8,0.9,18.6,17.2,,1.5,1.3,2.8,.117,,0.1,0.0,0.1,0.6
Jalen McDaniels,PF,22,CHO,12,205,11.7,.551,.373,.235,6.1,21.4,13.5,7.4,1.7,1.3,9.6,13.3,,0.2,0.2,0.4,.093,,-2.8,0.8,-2.0,0.0
Doug McDermott,PF,28,IND,62,1242,14.4,.626,.540,.106,2.1,11.8,6.9,8.3,0.4,0.3,7.2,19.6,,2.1,0.9,3.0,.115,,1.6,-1.6,0.0,0.6
JaVale McGee,C,32,LAL,58,973,20.3,.664,.022,.255,12.2,25.4,18.9,4.9,1.3,8.1,13.2,15.1,,2.2,2.1,4.3,.212,,-0.1,2.2,2.0,1.0
Rodney McGruder,SG,28,LAC,47,722,6.4,.468,.503,.172,3.7,13.7,8.8,5.1,1.4,1.0,11.0,10.5,,-0.1,0.9,0.8,.051,,-4.0,0.8,-3.2,-0.2
Alfonzo McKinnie,SF,27,CLE,37,531,8.2,.479,.388,.191,6.4,15.0,10.6,3.4,1.9,1.0,12.2,15.1,,-0.2,0.3,0.0,.004,,-4.6,-1.0,-5.6,-0.5
Jordan McLaughlin,PG,23,MIN,27,527,16.4,.582,.438,.219,1.0,8.1,4.4,30.8,2.8,0.6,13.3,15.8,,1.0,0.4,1.4,.130,,0.3,0.2,0.5,0.3
Ben McLemore,SG,26,HOU,60,1393,11.9,.627,.834,.131,1.3,8.7,5.0,5.2,1.3,0.7,8.5,15.7,,2.1,1.0,3.0,.104,,0.3,-0.7,-0.4,0.6
Jordan McRae,SG,28,TOT,34,712,15.1,.526,.341,.275,2.7,14.8,8.5,18.4,1.4,2.0,9.7,24.2,,0.6,0.3,0.8,.055,,0.8,-1.3,-0.6,0.3
Nicolò Melli,C,29,NOP,50,839,12.4,.591,.645,.187,4.2,14.7,9.4,9.3,1.6,1.8,12.4,15.8,,0.9,0.7,1.6,.092,,-0.9,0.0,-0.8,0.2
De'Anthony Melton,PG,21,MEM,49,940,15.0,.531,.318,.321,4.0,15.9,10.1,21.2,3.0,1.5,16.4,19.9,,0.5,1.3,1.8,.091,,-1.5,1.7,0.2,0.5
Chimezie Metu,PF,22,SAS,16,73,25.5,.597,.029,.229,14.7,23.6,19.2,13.9,0.7,4.8,11.5,25.9,,0.2,0.1,0.2,.161,,3.8,-0.8,3.0,0.1
Khris Middleton,SF,28,MIL,53,1582,21.9,.625,.370,.230,2.7,17.2,10.4,21.1,1.4,0.4,10.7,25.9,,4.4,3.1,7.4,.226,,3.7,0.9,4.6,2.7
Eric Mika,PF,25,SAC,1,19,14.0,.773,.000,.667,11.5,30.6,20.8,0.0,0.0,0.0,0.0,8.9,,0.1,0.0,0.1,.224,,-2.3,-0.9,-3.1,0.0
C.J. Miles,SG,32,WAS,10,161,11.1,.472,.593,.339,2.6,5.6,4.1,9.8,2.9,2.1,5.6,18.5,,0.0,0.1,0.1,.032,,-1.8,-0.1,-1.9,0.0
Malcolm Miller,SF,26,TOR,25,125,4.8,.432,.792,.250,0.9,10.8,5.9,8.2,1.5,1.5,10.1,10.1,,-0.1,0.2,0.1,.037,,-4.2,1.3,-2.9,0.0
Patty Mills,PG,31,SAS,60,1376,14.7,.585,.679,.184,1.5,6.0,3.7,11.2,1.8,0.3,7.5,20.7,,2.0,0.5,2.5,.086,,1.2,-1.2,0.0,0.7
Paul Millsap,PF,34,DEN,40,974,18.0,.599,.278,.354,9.3,17.7,13.5,9.5,1.7,2.5,11.7,20.1,,2.0,1.2,3.2,.160,,0.9,0.2,1.1,0.7
Shake Milton,SG,23,PHI,29,527,14.8,.638,.516,.242,1.9,11.0,6.5,17.2,1.4,0.8,14.8,19.4,,0.9,0.5,1.4,.129,,0.1,-0.3,-0.1,0.3
Donovan Mitchell,SG,23,UTA,60,2064,19.5,.563,.341,.235,2.3,11.3,7.0,21.8,1.5,0.5,11.0,31.3,,3.1,2.0,5.2,.120,,2.7,-0.5,2.2,2.2
Naz Mitrou-Long,SG,26,IND,3,43,10.1,.438,.688,.000,0.0,15.4,7.7,22.3,1.1,2.0,11.1,18.4,,0.0,0.0,0.0,.015,,-1.9,2.4,0.5,0.0
Adam Mokoka,SG,21,CHI,11,112,8.2,.538,.536,.143,6.6,3.1,4.9,5.0,1.7,0.0,6.3,12.1,,0.1,0.1,0.2,.072,,-3.1,-1.0,-4.1,-0.1
Malik Monk,SG,21,CHO,55,1169,12.6,.530,.418,.205,2.4,12.5,7.3,16.6,1.1,1.2,12.6,22.8,,0.1,0.6,0.7,.029,,-1.1,-1.4,-2.4,-0.1
Matt Mooney,SG,22,CLE,3,6,26.6,.500,.500,.000,0.0,18.7,9.2,25.0,8.1,14.3,0.0,14.2,,0.0,0.0,0.0,.249,,3.2,16.0,19.2,0.0
E'Twaun Moore,SG,30,NOP,49,934,11.4,.508,.390,.102,3.3,10.2,6.7,11.2,1.4,0.9,7.7,20.0,,0.3,0.5,0.8,.042,,-1.7,-1.1,-2.8,-0.2
Ja Morant,PG,20,MEM,56,1672,18.2,.566,.167,.327,2.6,9.5,6.1,34.9,1.4,0.7,16.7,26.0,,2.3,1.1,3.4,.098,,1.7,-1.3,0.4,1.0
Juwan Morgan,PF,22,UTA,16,74,8.8,.559,.294,.000,7.8,19.8,14.0,3.8,0.0,1.1,15.0,11.8,,0.0,0.1,0.1,.065,,-2.9,-0.4,-3.3,0.0
Marcus Morris,SF-PF,30,TOT,52,1654,15.3,.573,.422,.284,3.2,14.2,8.6,6.9,1.2,1.4,9.5,23.0,,2.1,1.1,3.2,.092,,1.1,-0.9,0.2,0.9
Markieff Morris,PF,30,TOT,49,1066,12.6,.570,.492,.200,3.2,16.7,9.9,10.6,1.2,1.0,13.9,21.4,,0.4,0.8,1.2,.054,,-1.1,-1.0,-2.1,0.0
Monte Morris,PG,24,DEN,61,1314,15.1,.538,.295,.125,1.7,7.6,4.6,23.7,1.9,0.9,8.0,17.2,,2.2,1.1,3.3,.120,,0.3,0.0,0.3,0.8
Johnathan Motley,PF,24,LAC,13,41,28.4,.774,.067,.467,7.7,17.2,12.6,32.7,3.4,0.0,21.7,23.4,,0.2,0.1,0.3,.298,,4.7,3.2,7.8,0.1
Emmanuel Mudiay,PG,23,UTA,48,752,13.7,.550,.263,.239,2.6,13.6,8.4,21.6,1.2,1.1,16.9,22.4,,0.3,0.8,1.1,.071,,-1.2,0.0,-1.2,0.2
Mychal Mulder,SG,25,GSW,4,122,10.0,.589,.769,.103,2.6,11.0,6.6,5.0,0.4,0.7,4.7,14.9,,0.1,0.0,0.1,.058,,-1.9,-1.7,-3.6,0.0
Dejounte Murray,PG,23,SAS,56,1391,17.4,.547,.167,.187,5.0,20.0,12.5,23.8,3.3,1.0,16.4,20.3,,1.1,1.6,2.7,.094,,-0.3,1.6,1.2,1.1
Jamal Murray,PG,22,DEN,51,1662,17.5,.557,.352,.220,2.4,10.8,6.6,22.4,1.8,0.8,11.7,25.2,,2.3,1.5,3.8,.111,,1.8,-0.6,1.2,1.3
Džanan Musa,SF,20,BRK,35,404,8.4,.467,.468,.317,4.9,12.9,9.0,11.0,1.5,0.2,15.5,19.4,,-0.4,0.4,0.0,.005,,-4.0,-0.7,-4.7,-0.3
Mike Muscala,C,28,OKC,40,486,12.5,.564,.753,.139,3.1,17.7,10.6,10.0,0.8,1.9,7.7,16.5,,0.6,0.5,1.1,.104,,0.1,0.0,0.1,0.3
Sviatoslav Mykhailiuk,SF,22,DET,53,1191,11.1,.589,.703,.162,1.5,7.3,4.4,11.2,1.5,0.3,12.6,16.9,,1.0,0.5,1.5,.061,,-0.6,-1.3,-1.9,0.0
Abdel Nader,SF,26,OKC,46,718,11.1,.583,.478,.290,2.1,10.6,6.5,6.8,1.3,1.9,12.7,16.4,,0.4,0.7,1.1,.072,,-1.3,0.2,-1.0,0.2
Larry Nance,C,27,CLE,53,1366,17.3,.599,.370,.168,8.1,24.0,15.9,12.2,1.9,1.3,11.2,15.3,,2.5,1.0,3.5,.124,,1.3,0.2,1.5,1.2
Shabazz Napier,PG,28,TOT,48,1132,14.0,.544,.534,.313,2.2,10.9,6.4,29.4,2.4,0.7,18.8,19.4,,0.9,0.8,1.6,.069,,-0.6,-0.4,-1.0,0.3
Raul Neto,PG,27,PHI,47,525,10.8,.536,.411,.135,2.3,8.2,5.2,19.4,1.9,0.8,18.0,17.3,,0.1,0.6,0.6,.057,,-2.2,0.1,-2.1,0.0
Malik Newman,SG,22,CLE,1,4,-11.3,.347,.500,1.000,0.0,0.0,0.0,0.0,0.0,0.0,25.8,41.4,,0.0,0.0,0.0,-0.504,,-14.6,-11.5,-26.1,0.0
Georges Niang,PF,26,UTA,55,736,12.3,.616,.699,.089,1.9,13.5,8.0,6.7,0.8,0.6,9.2,16.7,,1.0,0.6,1.6,.106,,0.8,-0.3,0.4,0.5
Nerlens Noel,C,25,OKC,53,973,22.2,.718,.012,.384,9.4,19.7,14.8,8.3,2.8,6.9,15.1,15.3,,2.7,2.0,4.7,.232,,0.8,3.6,4.3,1.6
Zach Norvell,SG,22,TOT,5,41,2.6,.402,.667,.083,0.0,16.3,7.9,10.3,2.3,0.0,19.4,16.0,,-0.1,0.0,-0.1,-0.082,,-7.1,-1.2,-8.3,-0.1
Jaylen Nowell,SG,20,MIN,12,125,8.1,.440,.511,.255,2.4,7.0,4.6,16.0,0.0,0.7,5.4,18.2,,0.0,0.0,0.0,.002,,-3.5,-2.1,-5.6,-0.1
Frank Ntilikina,PG,21,NYK,53,1106,9.3,.490,.409,.156,2.0,9.0,5.4,20.0,2.2,1.4,17.2,14.9,,-0.1,0.7,0.7,.030,,-3.9,0.5,-3.4,-0.4
Kendrick Nunn,SG,24,MIA,59,1768,13.6,.543,.419,.114,1.1,8.7,5.1,19.0,1.4,0.6,10.0,23.5,,1.1,1.4,2.5,.067,,-0.7,-1.2,-1.9,0.0
David Nwaba,SF,27,BRK,20,268,14.1,.627,.394,.380,3.1,13.8,8.6,4.4,1.9,3.7,8.8,14.2,,0.4,0.4,0.8,.141,,-1.0,2.1,1.1,0.2
Royce O'Neale,PF,26,UTA,61,1768,9.3,.591,.647,.150,1.4,17.5,9.9,11.4,1.3,1.2,13.3,9.1,,1.7,2.1,3.8,.104,,-1.3,2.1,0.9,1.3
Kyle O'Quinn,C,29,PHI,25,255,18.2,.541,.319,.264,13.8,27.6,20.7,19.5,1.0,7.3,18.3,16.7,,0.3,0.5,0.8,.156,,-0.7,2.2,1.5,0.2
Semi Ojeleye,PF,25,BOS,58,833,7.9,.580,.627,.197,2.6,11.6,7.1,4.8,1.0,0.6,6.7,8.5,,0.9,0.9,1.7,.099,,-1.9,0.8,-1.2,0.2
Jahlil Okafor,C,24,NOP,28,424,17.8,.631,.014,.403,11.4,18.3,14.8,12.6,0.8,3.7,17.5,19.8,,0.7,0.4,1.1,.127,,-0.6,0.5,-0.1,0.2
Elie Okobo,PG,22,PHO,52,693,10.8,.518,.388,.376,2.4,11.8,7.0,21.5,1.6,0.5,15.1,15.0,,0.4,0.5,0.9,.065,,-1.8,0.0,-1.8,0.0
Josh Okogie,SG,21,MIN,59,1461,11.6,.552,.392,.475,5.6,13.0,9.2,8.8,2.1,1.5,15.4,15.4,,0.8,1.2,2.0,.067,,-2.5,0.1,-2.4,-0.1
KZ Okpala,SF,20,MIA,5,26,13.7,.595,.200,.400,4.5,16.6,10.8,5.5,3.8,3.8,14.5,11.7,,0.0,0.0,0.1,.119,,-1.3,3.9,2.7,0.0
Victor Oladipo,SG,27,IND,10,255,9.1,.467,.453,.222,3.0,8.6,5.9,13.4,1.5,0.3,13.5,25.6,,-0.4,0.2,-0.2,-0.034,,-3.5,-2.1,-5.6,-0.2
Kelly Olynyk,C,28,MIA,56,1064,15.1,.649,.589,.265,4.0,22.0,13.4,12.9,1.7,1.7,15.0,16.8,,1.8,1.5,3.2,.146,,0.3,1.3,1.6,1.0
Miye Oni,SG,22,UTA,5,11,-9.9,.000,.500,.000,0.0,19.0,9.9,0.0,0.0,0.0,33.3,11.9,,-0.1,0.0,-0.1,-0.285,,-13.0,-4.9,-17.9,0.0
Cedi Osman,SF,24,CLE,62,1805,10.5,.553,.534,.155,2.1,11.4,6.7,11.6,1.3,0.7,12.7,16.4,,0.9,0.4,1.4,.036,,-1.7,-1.1,-2.8,-0.3
Kelly Oubre,SF,24,PHO,56,1933,14.9,.560,.372,.298,3.8,17.3,10.4,6.8,1.7,1.8,8.2,22.4,,1.7,2.0,3.7,.093,,-0.2,-0.3,-0.6,0.7
Tariq Owens,PF,24,PHO,3,15,8.4,.340,.400,.400,14.5,7.6,11.1,0.0,3.2,0.0,0.0,16.7,,0.0,0.0,0.0,.018,,-3.1,-2.7,-5.8,0.0
Jeremy Pargo,PG,33,GSW,3,44,12.7,.557,.318,.045,2.4,5.1,3.7,33.3,1.1,0.0,15.1,25.6,,0.0,0.0,0.0,.014,,-2.8,-3.0,-5.9,0.0
Jabari Parker,PF,24,TOT,33,852,17.0,.561,.291,.185,6.7,18.0,12.3,11.7,2.3,1.5,12.2,23.9,,0.5,0.7,1.2,.067,,0.3,-0.4,-0.1,0.4
Chandler Parsons,SF,31,ATL,5,54,5.6,.389,.778,.000,2.0,12.1,7.0,7.5,3.4,1.5,14.3,16.1,,-0.1,0.0,-0.1,-0.065,,-4.6,-1.3,-5.9,-0.1
Eric Paschall,PF,23,GSW,57,1560,14.2,.567,.198,.325,5.5,13.2,9.2,11.3,1.0,0.7,11.5,21.4,,1.3,0.5,1.9,.058,,-1.1,-2.0,-3.1,-0.4
Anžejs Pasečņiks,C,24,WAS,23,402,11.8,.559,.019,.491,10.2,16.9,13.4,5.7,0.9,2.6,14.6,15.6,,0.3,0.1,0.5,.058,,-3.5,-1.7,-5.2,-0.3
Patrick Patterson,PF,30,LAC,49,593,11.8,.576,.754,.186,5.2,15.1,10.3,7.1,0.5,0.4,7.5,15.0,,0.9,0.6,1.5,.121,,1.0,-0.5,0.5,0.4
Justin Patton,C,22,OKC,5,24,4.7,.450,.400,.000,4.8,17.9,11.6,12.5,0.0,0.0,16.7,22.1,,0.0,0.0,0.0,-0.067,,-6.8,-3.3,-10.1,-0.1
Chris Paul,PG,34,OKC,61,1936,21.4,.606,.349,.309,1.2,15.6,8.6,32.9,2.4,0.4,13.1,23.0,,5.2,2.4,7.6,.189,,3.0,1.2,4.1,3.0
Elfrid Payton,PG,25,NYK,41,1132,15.7,.462,.166,.176,4.4,13.8,9.0,38.6,2.8,1.3,16.5,19.5,,0.4,1.1,1.4,.061,,-0.5,0.5,0.0,0.6
Gary Payton,PG,27,WAS,27,421,11.5,.473,.397,.069,6.5,13.7,10.0,14.6,3.5,1.4,13.7,13.6,,0.1,0.4,0.4,.049,,-2.9,1.4,-1.5,0.1
Norvel Pelle,C,26,PHI,19,176,11.4,.521,.000,.343,10.0,27.5,18.8,5.4,0.3,12.0,24.4,13.1,,-0.1,0.4,0.3,.083,,-7.3,3.1,-4.2,-0.1
Theo Pinson,SG,24,BRK,31,358,5.5,.373,.513,.104,2.9,11.5,7.3,22.5,2.3,0.7,16.6,22.6,,-1.0,0.4,-0.5,-0.072,,-6.7,-0.2,-6.9,-0.4
Mason Plumlee,C,29,DEN,49,839,19.8,.625,.017,.575,11.5,24.1,17.8,20.2,1.6,3.2,19.1,18.6,,1.7,1.2,3.0,.169,,0.6,2.0,2.6,1.0
Vincent Poirier,C,26,BOS,21,114,12.8,.540,.061,.212,9.5,22.3,16.0,8.6,0.8,4.9,14.3,15.8,,0.1,0.2,0.3,.124,,-4.4,0.6,-3.8,-0.1
Jakob Pöltl,C,24,SAS,58,965,19.7,.611,.000,.339,11.6,23.0,17.3,14.6,1.5,7.7,15.2,13.3,,2.0,1.3,3.3,.167,,0.8,2.3,3.1,1.2
Shamorie Ponds,PG,21,TOR,4,11,33.2,.765,.400,.400,0.0,9.4,4.8,32.0,0.0,8.8,0.0,22.8,,0.1,0.0,0.1,.452,,8.5,5.2,13.7,0.0
Jordan Poole,SG,20,GSW,54,1211,7.2,.449,.530,.236,0.8,9.7,5.1,15.7,1.3,0.7,11.2,21.0,,-1.5,0.4,-1.1,-0.044,,-4.4,-2.1,-6.5,-1.4
Kevin Porter,SF,19,CLE,50,1162,10.8,.535,.375,.240,2.1,13.5,7.7,14.0,1.9,1.0,16.7,20.5,,-0.3,0.6,0.3,.010,,-3.2,-0.7,-3.8,-0.6
Michael Porter,PF,21,DEN,45,638,19.3,.599,.358,.157,9.0,24.9,17.0,8.2,1.4,2.7,10.4,22.2,,1.1,0.9,2.0,.152,,2.0,-0.6,1.4,0.5
Otto Porter,SF,26,CHI,11,261,14.1,.537,.466,.214,3.6,11.9,7.6,11.7,1.7,1.8,6.6,19.7,,0.3,0.2,0.5,.096,,0.1,-0.1,0.0,0.1
Bobby Portis,C,24,NYK,62,1303,14.5,.531,.330,.159,6.2,20.2,13.0,10.8,1.1,1.1,10.7,21.3,,0.8,0.9,1.7,.063,,-0.1,-1.1,-1.1,0.3
Kristaps Porziņģis,PF,24,DAL,48,1492,19.9,.549,.448,.289,5.8,25.4,15.8,8.3,1.1,5.6,8.3,26.7,,2.0,2.3,4.3,.138,,1.7,0.3,1.9,1.5
Dwight Powell,C,28,DAL,40,1061,16.0,.677,.170,.485,7.6,14.6,11.2,7.7,1.6,1.8,11.5,12.7,,2.6,1.1,3.7,.168,,0.5,0.9,1.4,0.9
Norman Powell,SG,26,TOR,41,1187,16.7,.621,.455,.252,2.1,11.6,6.9,9.3,2.0,1.3,10.4,21.1,,1.9,1.8,3.7,.149,,1.2,0.9,2.1,1.2
Chasson Randle,PG,26,GSW,1,12,-1.0,.000,1.000,.000,0.0,9.3,4.5,10.5,0.0,0.0,0.0,3.6,,0.0,0.0,0.0,-0.059,,-9.9,-1.1,-11.0,0.0
Julius Randle,PF,25,NYK,60,1955,17.4,.532,.234,.349,7.6,24.9,15.9,16.3,1.1,1.0,14.2,27.6,,0.8,1.6,2.4,.059,,0.7,-0.9,-0.3,0.9
Josh Reaves,SG,22,DAL,2,1,-40.0,.000,.000,.000,0.0,0.0,0.0,0.0,0.0,0.0,0.0,42.8,,0.0,0.0,0.0,-1.037,,-24.2,-15.1,-39.3,0.0
Cam Reddish,SF,20,ATL,54,1435,8.4,.484,.453,.236,2.5,12.6,7.5,8.1,1.8,1.5,13.2,18.6,,-1.3,0.7,-0.5,-0.018,,-3.5,-0.9,-4.4,-0.9
J.J. Redick,SG,35,NOP,54,1425,15.2,.639,.618,.292,0.7,9.8,5.2,10.8,0.6,0.5,9.4,20.0,,3.2,0.5,3.6,.122,,2.1,-1.7,0.4,0.9
Naz Reid,C,20,MIN,27,419,16.3,.513,.420,.208,7.8,20.8,14.1,10.7,1.6,4.0,6.2,23.7,,0.4,0.5,0.8,.095,,-0.9,-0.5,-1.4,0.1
Josh Richardson,SG,26,PHI,47,1445,12.2,.526,.373,.218,2.8,9.4,6.1,15.1,1.5,1.9,12.8,21.3,,0.2,1.6,1.9,.062,,-1.6,-0.2,-1.7,0.1
Austin Rivers,SG,27,HOU,56,1305,10.5,.539,.539,.201,1.8,8.8,5.3,9.3,1.4,0.6,6.7,15.0,,1.3,0.9,2.2,.080,,-1.8,-0.3,-2.1,-0.1
Duncan Robinson,SF,25,MIA,62,1836,12.5,.674,.880,.087,0.6,11.0,6.0,6.7,0.9,0.7,8.2,15.6,,3.1,1.3,4.4,.115,,1.1,-0.9,0.2,1.0
Glenn Robinson,SF,26,TOT,57,1670,13.4,.573,.328,.138,4.7,11.5,8.0,8.7,1.5,0.8,8.1,16.6,,1.8,0.8,2.6,.075,,-0.6,-1.2,-1.9,0.1
Jerome Robinson,SG,22,TOT,53,698,5.6,.433,.473,.122,1.2,13.8,7.5,11.0,1.3,1.6,12.9,14.8,,-0.7,0.7,-0.1,-0.004,,-4.9,0.0,-4.9,-0.5
Justin Robinson,PG,22,WAS,9,49,8.2,.542,.417,.000,2.1,9.2,5.6,18.4,0.0,1.8,20.0,12.7,,0.0,0.0,0.0,.004,,-2.4,-3.2,-5.7,0.0
Mitchell Robinson,C,21,NYK,57,1312,23.2,.716,.000,.418,13.6,19.3,16.4,4.2,1.9,8.0,8.7,13.3,,4.3,1.9,6.2,.226,,1.3,1.5,2.9,1.6
Isaiah Roby,SF,21,OKC,3,11,-7.7,.000,.000,.000,0.0,19.5,10.1,0.0,0.0,0.0,50.0,8.0,,-0.1,0.0,0.0,-0.193,,-12.0,-3.5,-15.5,0.0
Rajon Rondo,PG,33,LAL,45,934,12.9,.503,.383,.125,2.6,13.2,8.0,32.2,2.0,0.2,21.0,18.8,,0.3,1.3,1.5,.079,,-0.8,0.0,-0.9,0.3
Derrick Rose,PG,31,DET,50,1298,21.1,.555,.195,.185,2.3,8.3,5.3,40.3,1.5,1.0,13.4,31.5,,1.9,0.7,2.6,.096,,3.9,-1.8,2.2,1.4
Terrence Ross,SG,28,ORL,60,1629,14.0,.542,.585,.211,0.8,12.4,6.4,6.8,2.0,1.1,6.6,23.0,,0.8,1.7,2.5,.074,,-0.3,-0.3,-0.6,0.6
Terry Rozier,PG,25,CHO,60,2048,14.3,.543,.442,.205,2.4,12.1,7.1,20.5,1.4,0.4,12.3,23.6,,1.4,1.1,2.5,.059,,0.4,-1.2,-0.8,0.6
Ricky Rubio,PG,29,PHO,54,1695,15.7,.522,.304,.322,2.6,13.5,7.9,39.8,2.3,0.5,18.4,20.2,,1.9,1.6,3.5,.100,,0.3,0.2,0.5,1.0
D'Angelo Russell,PG,23,TOT,42,1359,19.2,.562,.511,.227,1.2,11.8,6.3,36.3,1.5,0.8,13.5,31.6,,1.3,0.6,2.0,.069,,4.1,-2.0,2.0,1.4
Domantas Sabonis,C,23,IND,59,2040,20.6,.582,.079,.356,9.7,29.9,19.9,21.7,1.1,1.3,14.7,23.3,,3.9,3.1,7.1,.166,,2.0,1.1,3.1,2.6
JaKarr Sampson,SF,26,IND,23,297,10.9,.598,.171,.171,4.9,13.3,9.1,2.3,1.3,2.7,7.4,12.0,,0.3,0.4,0.6,.104,,-3.1,0.7,-2.4,0.0
Dario Šarić,PF,25,PHO,55,1338,12.6,.559,.461,.194,6.6,20.4,13.3,11.4,1.1,0.9,12.9,17.2,,1.1,1.1,2.3,.081,,-0.8,-0.4,-1.2,0.3
Tomáš Satoranský,PG,28,CHI,62,1798,13.9,.542,.363,.221,4.0,10.7,7.2,27.4,2.1,0.4,17.4,16.7,,2.0,1.6,3.6,.096,,-0.9,-0.1,-1.1,0.4
Admiral Schofield,SF,22,WAS,26,292,6.8,.514,.627,.173,2.2,10.8,6.3,6.2,1.3,0.9,8.0,12.5,,0.1,0.0,0.1,.018,,-4.2,-1.1,-5.3,-0.2
Dennis Schröder,PG,26,OKC,61,1888,16.8,.576,.338,.240,1.2,11.8,6.6,21.6,1.0,0.6,13.4,27.1,,1.9,1.5,3.4,.086,,1.2,-1.3,-0.1,0.9
Mike Scott,PF,31,PHI,60,1042,10.0,.541,.660,.091,5.1,16.3,10.7,5.0,0.9,0.4,6.6,13.7,,0.8,1.1,1.9,.087,,-1.4,-0.8,-2.2,-0.1
Thabo Sefolosha,PF,35,HOU,40,428,9.9,.492,.600,.089,5.1,17.6,11.3,7.6,2.6,2.4,13.0,10.4,,0.1,0.6,0.7,.082,,-2.5,1.8,-0.7,0.1
Collin Sexton,SG,21,CLE,62,2026,16.4,.556,.238,.244,3.2,7.4,5.3,14.8,1.5,0.3,10.9,27.0,,2.2,0.2,2.5,.058,,0.4,-2.1,-1.7,0.1
Landry Shamet,SG,22,LAC,44,1242,9.4,.613,.766,.174,0.4,6.6,3.6,8.7,0.7,0.6,8.6,13.2,,1.7,1.0,2.7,.104,,-1.2,-0.3,-1.5,0.2
Marial Shayok,SG,24,PHI,2,10,-1.9,.300,.600,.000,0.0,33.0,16.5,13.5,0.0,0.0,16.7,25.9,,-0.1,0.0,0.0,-0.227,,-8.9,-2.6,-11.5,0.0
Iman Shumpert,SG,29,BRK,13,241,5.3,.403,.516,.109,3.9,10.4,7.2,6.8,2.4,0.7,13.0,13.4,,-0.3,0.3,0.0,-0.002,,-6.3,0.8,-5.5,-0.2
Pascal Siakam,PF,25,TOR,50,1767,18.8,.559,.316,.264,3.5,18.6,11.2,16.5,1.3,2.6,10.4,28.6,,1.9,3.0,4.9,.133,,1.9,0.4,2.4,1.9
Chris Silva,PF,23,MIA,40,306,17.2,.663,.029,.710,20.7,19.4,20.0,10.1,1.4,5.8,25.5,17.5,,0.7,0.5,1.1,.179,,-3.3,0.8,-2.6,0.0
Ben Simmons,PG,23,PHI,54,1930,20.8,.608,.010,.460,6.2,17.9,12.1,34.9,2.9,1.4,20.6,20.9,,3.8,3.2,7.0,.174,,1.4,2.5,3.8,2.8
Anfernee Simons,SG,20,POR,62,1359,9.3,.505,.418,.176,1.8,9.1,5.5,9.6,0.8,0.6,9.8,19.1,,0.1,0.3,0.3,.011,,-2.4,-1.9,-4.3,-0.8
Alen Smailagić,PF,19,GSW,14,139,14.5,.610,.325,.475,7.5,13.7,10.5,14.3,1.0,2.6,18.5,18.2,,0.2,0.1,0.2,.083,,-1.4,-0.8,-2.2,0.0
Marcus Smart,SG,25,BOS,50,1610,14.0,.517,.588,.201,2.4,9.9,6.2,21.4,2.6,1.5,11.7,18.9,,1.6,2.3,3.9,.115,,0.1,1.4,1.6,1.4
Dennis Smith,PG,22,NYK,34,537,7.5,.399,.256,.251,4.0,11.7,7.7,26.4,2.5,1.4,19.8,23.1,,-1.3,0.5,-0.9,-0.079,,-5.2,-1.0,-6.2,-0.6
Ish Smith,PG,31,WAS,60,1570,13.8,.512,.258,.120,1.9,11.6,6.6,25.5,1.5,1.3,11.2,18.2,,1.3,0.3,1.7,.052,,-0.2,-1.2,-1.4,0.2
Zhaire Smith,SG,20,PHI,7,32,1.1,.313,.273,.364,0.0,6.9,3.4,8.3,4.5,0.0,13.6,19.9,,-0.1,0.1,-0.1,-0.117,,-11.0,0.8,-10.2,-0.1
Tony Snell,SF,28,DET,56,1553,9.9,.605,.669,.077,0.6,7.1,3.8,10.8,0.9,0.8,7.0,11.3,,2.1,0.5,2.6,.080,,-0.9,-0.6,-1.5,0.2
Omari Spellman,PF,22,GSW,49,886,14.4,.551,.373,.312,9.1,18.0,13.4,8.1,1.8,2.4,13.9,18.7,,0.5,0.7,1.2,.068,,-0.8,-1.1,-1.9,0.0
Max Strus,SG,23,CHI,2,6,30.8,.727,.333,.333,17.6,0.0,9.2,0.0,0.0,0.0,0.0,24.5,,0.0,0.0,0.0,.316,,5.3,-1.0,4.3,0.0
Edmond Sumner,PG,24,IND,22,285,10.0,.486,.341,.170,3.1,8.1,5.6,14.7,2.4,1.9,13.7,16.9,,-0.1,0.4,0.3,.044,,-3.7,0.5,-3.2,-0.1
Caleb Swanigan,PF,22,TOT,24,267,7.8,.597,.043,.362,10.3,25.4,17.9,12.3,0.5,2.3,38.4,14.1,,-0.2,0.2,0.1,.009,,-6.5,0.3,-6.2,-0.3
Jayson Tatum,PF,21,BOS,56,1936,20.6,.566,.380,.255,3.1,18.8,11.1,14.1,1.9,2.5,9.7,28.6,,3.0,3.1,6.1,.151,,3.4,0.5,4.0,2.9
Jeff Teague,PG,31,TOT,55,1383,14.4,.552,.241,.408,1.9,8.5,5.1,31.0,1.4,1.1,17.2,19.6,,1.7,0.6,2.3,.078,,-0.4,-1.4,-1.7,0.1
Garrett Temple,SG,33,BRK,55,1547,10.3,.507,.660,.139,1.9,10.5,6.3,13.1,1.4,1.4,9.3,16.6,,0.5,1.6,2.1,.064,,-1.5,0.4,-1.0,0.4
Daniel Theis,C,27,BOS,55,1293,17.9,.619,.216,.277,10.4,19.3,14.9,9.5,1.3,5.2,10.1,14.7,,3.2,2.2,5.4,.201,,0.2,1.8,2.0,1.3
Isaiah Thomas,PG,30,WAS,40,925,11.6,.531,.444,.178,1.2,7.0,4.0,22.9,0.7,0.6,14.4,24.1,,0.2,-0.2,0.0,-0.001,,-0.4,-4.0,-4.4,-0.6
Khyri Thomas,SG,23,DET,6,34,1.6,.394,.875,.250,0.0,0.0,0.0,7.8,2.9,0.0,18.4,13.9,,-0.1,0.0,-0.1,-0.076,,-6.8,-1.3,-8.1,-0.1
Matt Thomas,SG,25,TOR,30,298,14.2,.673,.697,.081,2.2,12.8,7.6,8.4,1.1,0.0,8.9,16.1,,0.6,0.4,0.9,.153,,1.6,0.5,2.0,0.3
Tristan Thompson,C,28,CLE,55,1675,17.1,.545,.038,.282,14.6,22.6,18.6,10.3,1.0,2.5,13.9,18.3,,2.1,1.0,3.1,.088,,0.0,-1.4,-1.5,0.2
Matisse Thybulle,SG,22,PHI,54,1055,9.6,.525,.611,.176,3.3,5.3,4.3,8.1,3.5,3.2,15.3,11.5,,0.0,1.8,1.8,.081,,-3.2,3.3,0.1,0.6
Anthony Tolliver,PF,34,TOT,44,679,6.8,.490,.779,.159,4.5,14.7,9.7,6.1,1.0,1.4,14.8,11.4,,-0.1,0.4,0.3,.020,,-3.1,-0.7,-3.8,-0.3
Juan Toscano-Anderson,SF,26,GSW,10,222,9.7,.563,.365,.096,2.3,18.2,10.0,13.8,2.6,2.0,22.8,13.5,,-0.1,0.2,0.1,.029,,-4.1,0.7,-3.5,-0.1
Karl-Anthony Towns,C,24,MIN,35,1187,26.5,.642,.445,.363,8.1,25.9,16.7,22.9,1.3,2.9,13.2,28.8,,3.8,1.3,5.1,.207,,7.1,0.8,7.8,2.9
Gary Trent,SG,21,POR,50,999,12.1,.563,.577,.098,2.0,6.7,4.4,6.6,1.8,1.0,5.0,15.2,,1.3,0.4,1.6,.078,,-0.3,-0.5,-0.8,0.3
Allonzo Trier,PG,24,NYK,23,279,14.3,.620,.490,.422,1.8,9.1,5.3,13.8,0.5,1.4,15.4,21.7,,0.4,0.1,0.5,.082,,0.6,-1.3,-0.8,0.1
P.J. Tucker,PF,34,HOU,60,2075,8.9,.586,.680,.124,4.7,16.0,10.4,5.9,1.5,1.2,14.4,8.7,,1.8,2.1,3.9,.090,,-2.1,0.7,-1.4,0.3
Rayjon Tucker,SG,22,UTA,14,78,4.5,.448,.316,.263,2.9,14.7,9.1,3.5,0.6,0.0,12.4,13.6,,-0.1,0.1,0.0,-0.009,,-6.7,-1.2,-7.9,-0.1
Evan Turner,PG,31,ATL,19,251,6.8,.424,.075,.209,3.4,13.0,8.1,20.6,1.7,2.7,26.2,16.4,,-0.5,0.1,-0.3,-0.064,,-4.8,-0.7,-5.6,-0.2
Myles Turner,C,23,IND,52,1524,14.4,.556,.454,.272,4.8,19.1,12.0,5.3,1.2,6.3,10.7,17.5,,0.8,2.5,3.3,.105,,-0.9,0.9,0.0,0.8
Jarrod Uthoff,SF,26,MEM,2,8,-10.1,.000,.667,.000,0.0,0.0,0.0,0.0,5.8,0.0,0.0,15.6,,-0.1,0.0,-0.1,-0.303,,-17.9,1.1,-16.7,0.0
Jonas Valančiūnas,C,27,MEM,59,1534,21.8,.619,.125,.232,12.4,31.9,22.3,10.5,0.7,3.7,12.7,21.4,,3.4,2.2,5.6,.174,,2.0,-0.1,1.9,1.5
Denzel Valentine,SF,26,CHI,33,415,13.1,.521,.606,.030,1.5,16.7,8.8,13.9,2.4,1.4,10.3,23.0,,-0.1,0.5,0.4,.051,,-0.6,0.4,-0.3,0.2
Jarred Vanderbilt,SF-PF,20,TOT,11,46,7.6,.676,.125,.250,7.2,14.4,10.8,5.9,3.2,2.0,44.1,14.9,,-0.1,0.1,0.0,-0.020,,-6.6,0.7,-5.9,0.0
Fred VanVleet,PG,25,TOR,48,1719,16.0,.546,.482,.237,1.1,9.7,5.5,27.3,2.5,0.7,12.4,22.0,,2.3,2.7,4.9,.137,,1.1,1.2,2.4,1.9
Gabe Vincent,PG,23,MIA,5,41,1.3,.316,.842,.000,0.0,7.9,4.1,10.2,1.2,0.0,0.0,20.4,,-0.1,0.0,-0.1,-0.108,,-6.7,-3.0,-9.7,-0.1
Noah Vonleh,C-PF,24,TOT,32,363,15.6,.621,.169,.337,10.1,25.8,17.7,10.7,1.4,1.4,17.0,14.0,,0.6,0.4,1.0,.126,,-1.2,0.4,-0.8,0.1
Nikola Vučević,C,29,ORL,51,1659,21.5,.537,.282,.157,7.6,29.0,17.9,20.0,1.3,2.5,7.3,26.0,,2.6,2.4,5.0,.145,,3.4,0.6,4.0,2.5
Dean Wade,PF,23,CLE,12,71,13.9,.744,.308,.077,4.6,25.3,14.8,4.0,1.4,4.8,18.2,9.9,,0.1,0.1,0.2,.103,,-1.7,0.4,-1.3,0.0
Moritz Wagner,C,22,WAS,34,649,16.6,.655,.307,.339,7.4,23.5,15.2,10.3,1.5,2.3,17.5,19.4,,1.1,0.4,1.5,.112,,-1.2,-0.4,-1.7,0.1
Dion Waiters,SG,28,MIA,3,42,13.6,.530,.654,.038,0.0,28.2,14.7,12.3,0.0,4.7,10.2,30.9,,-0.1,0.1,0.0,.000,,2.4,-0.6,1.8,0.0
Kemba Walker,PG,29,BOS,47,1504,21.0,.579,.525,.271,2.2,11.3,6.8,24.6,1.4,1.5,10.3,28.0,,3.7,1.8,5.5,.174,,5.5,-0.2,5.2,2.8
Lonnie Walker,SG,21,SAS,52,751,11.2,.520,.263,.202,2.9,13.5,8.2,8.2,1.7,1.5,9.8,18.3,,0.0,0.5,0.5,.033,,-2.4,-0.7,-3.0,-0.2
Tyrone Wallace,SG,25,ATL,14,160,3.9,.389,.341,.386,2.0,12.9,7.4,10.9,2.0,0.5,16.3,15.9,,-0.3,0.1,-0.2,-0.074,,-7.6,-1.0,-8.7,-0.3
Taurean Waller-Prince,SF,25,BRK,61,1771,9.5,.503,.588,.112,2.8,17.8,10.5,9.5,1.4,1.1,14.1,20.4,,-1.4,2.3,0.8,.022,,-2.5,-0.1,-2.7,-0.3
Derrick Walton,PG,24,TOT,26,248,8.7,.617,.615,.231,0.9,5.8,3.4,13.8,1.4,0.0,10.4,8.1,,0.4,0.2,0.6,.111,,-2.4,1.2,-1.2,0.1
Brad Wanamaker,PG,30,BOS,60,1158,11.9,.557,.286,.357,1.7,9.3,5.5,18.1,2.1,0.9,16.0,15.7,,1.1,1.5,2.6,.107,,-2.4,1.0,-1.4,0.2
T.J. Warren,SF,26,IND,59,1917,17.3,.600,.215,.216,3.2,10.0,6.6,7.0,1.8,1.2,7.5,22.7,,3.1,2.1,5.2,.129,,0.5,-0.2,0.3,1.1
P.J. Washington,PF,21,CHO,54,1642,12.2,.545,.378,.231,3.4,16.7,9.7,11.3,1.5,2.3,13.0,18.3,,0.3,1.4,1.8,.052,,-1.9,0.1,-1.7,0.1
Yuta Watanabe,SG,25,MEM,14,93,7.7,.426,.296,.296,4.6,12.2,8.5,5.5,2.0,0.9,3.2,14.1,,0.0,0.1,0.1,.028,,-4.5,-0.2,-4.7,-0.1
Tremont Waters,PG,22,BOS,10,89,6.5,.438,.486,.171,0.0,10.7,5.4,18.8,2.7,2.1,21.0,22.9,,-0.2,0.1,-0.1,-0.045,,-6.6,0.0,-6.6,-0.1
Paul Watson,SF-SG,25,TOT,5,25,-0.4,.056,.500,.250,0.0,17.0,8.5,23.9,1.9,3.9,0.0,14.8,,-0.1,0.0,-0.1,-0.181,,-8.0,0.8,-7.2,0.0
Quinndary Weatherspoon,SG,23,SAS,1,4,-10.0,.000,.000,.000,0.0,0.0,0.0,0.0,0.0,0.0,0.0,10.9,,0.0,0.0,0.0,-0.286,,-12.0,-8.7,-20.8,0.0
Russell Westbrook,PG,31,HOU,50,1805,21.5,.538,.171,.285,4.9,18.1,11.5,35.0,2.1,0.8,14.7,34.2,,2.1,2.2,4.3,.114,,1.8,-0.1,1.8,1.7
Coby White,SG,19,CHI,62,1563,11.8,.505,.477,.161,1.9,14.0,7.7,15.7,1.4,0.4,11.1,24.1,,-0.4,1.3,0.8,.026,,-1.4,-1.4,-2.8,-0.3
Derrick White,SG,25,SAS,58,1381,15.4,.579,.341,.362,2.3,12.1,7.2,19.3,1.2,3.1,12.1,18.0,,2.2,0.8,3.1,.106,,0.6,0.1,0.7,0.9
Hassan Whiteside,C,30,POR,58,1804,25.0,.637,.009,.338,13.5,33.4,23.6,6.1,0.6,8.3,12.9,19.8,,4.9,2.9,7.8,.207,,2.4,0.8,3.3,2.4
Andrew Wiggins,SF-SG,24,TOT,51,1752,16.6,.538,.340,.275,3.5,12.4,7.8,18.4,1.2,2.4,10.9,27.7,,0.9,1.1,1.9,.053,,1.3,-1.3,-0.1,0.8
Grant Williams,PF,21,BOS,59,935,8.4,.518,.422,.276,6.7,11.5,9.2,8.5,1.3,3.2,17.8,11.5,,0.3,1.2,1.5,.079,,-3.7,1.1,-2.6,-0.1
Johnathan Williams,C,24,WAS,11,135,14.3,.643,.080,.200,11.7,23.4,17.3,5.8,0.3,3.8,12.8,9.6,,0.3,0.1,0.3,.114,,-0.3,-1.4,-1.7,0.0
Kenrich Williams,PF,25,NOP,35,779,7.7,.430,.671,.168,6.6,17.6,12.0,8.3,1.5,2.2,12.0,9.2,,0.1,0.7,0.8,.049,,-3.1,0.9,-2.3,0.0
Lou Williams,SG,33,LAC,58,1709,17.5,.549,.334,.368,1.7,8.9,5.4,30.4,1.1,0.5,14.4,28.6,,2.3,1.6,3.9,.110,,2.3,-1.5,0.9,1.2
Marvin Williams,PF,33,TOT,50,965,11.5,.581,.576,.214,2.2,13.4,7.6,7.9,1.8,2.4,9.5,13.2,,0.9,1.0,1.9,.096,,-1.7,0.9,-0.9,0.3
Robert Williams,C,22,BOS,21,293,19.4,.670,.000,.404,10.3,24.2,17.4,10.0,3.1,7.6,21.1,12.4,,0.5,0.7,1.2,.202,,-0.5,4.5,4.0,0.4
Nigel Williams-Goss,PG,25,UTA,9,28,5.7,.254,.286,.286,8.2,11.2,9.8,22.2,1.7,3.0,20.2,15.4,,-0.1,0.0,0.0,-0.045,,-5.0,1.1,-3.9,0.0
Zion Williamson,PF,19,NOP,17,501,24.8,.617,.045,.530,10.9,13.6,12.2,13.3,1.4,1.0,12.0,30.7,,1.2,0.3,1.6,.150,,3.6,-1.6,2.1,0.5
D.J. Wilson,PF,23,MIL,30,259,8.2,.474,.538,.099,3.7,17.9,11.2,10.6,0.4,1.7,12.8,17.4,,-0.2,0.5,0.3,.056,,-3.7,0.2,-3.6,-0.1
Justise Winslow,SF,23,MIA,11,352,8.6,.440,.209,.209,5.3,17.5,11.7,18.5,1.0,1.4,14.6,20.6,,-0.4,0.4,0.0,-0.003,,-3.4,-0.1,-3.5,-0.1
Christian Wood,PF,24,DET,59,1214,22.7,.657,.280,.499,8.9,25.3,17.0,7.3,1.2,3.6,12.1,22.5,,3.3,1.4,4.7,.185,,3.1,-0.3,2.9,1.5
Delon Wright,SG,27,DAL,61,1312,15.8,.556,.303,.241,5.0,13.5,9.4,21.4,2.4,1.2,13.4,14.9,,2.4,1.5,3.9,.143,,0.5,1.5,2.0,1.3
Justin Wright-Foreman,PG,22,UTA,1,2,0.0,,,,0.0,0.0,0.0,0.0,0.0,0.0,,0.0,,0.0,0.0,0.0,.010,,-6.0,-0.9,-6.9,0.0
Thaddeus Young,PF,31,CHI,61,1519,13.3,.524,.366,.112,6.2,16.0,10.9,11.2,2.7,1.4,13.9,19.6,,-0.1,1.9,1.8,.058,,-1.4,0.2,-1.2,0.3
Trae Young,PG,21,ATL,57,2010,24.1,.596,.451,.449,1.6,11.6,6.5,45.7,1.5,0.3,16.1,34.8,,5.2,0.6,5.8,.137,,6.4,-2.2,4.2,3.1
Cody Zeller,C,27,CHO,54,1243,18.4,.567,.158,.349,12.5,21.2,16.7,11.1,1.4,1.8,11.5,20.9,,2.0,1.2,3.2,.123,,0.0,-0.9,-0.9,0.3
Ante Žižić,C,23,CLE,21,216,17.0,.605,.000,.268,9.1,24.9,16.9,4.3,1.6,2.0,11.2,17.7,,0.3,0.2,0.5,.112,,-1.4,-1.6,-3.0,-0.1
Ivica Zubac,C,22,LAC,61,1102,20.7,.637,.006,.398,15.0,25.1,20.2,9.0,0.6,4.5,11.8,16.3,,3.3,1.9,5.2,.225,,1.3,0.9,2.2,1.2
